SampleID	barcode	barcode_index_rev	barcode_index_fwd	plate_row	plate_column	stored_MBCore	plate	plate_coord	sample_type	investigator	project_name	tube_barcode	box_id	box_position	subject_id	relationID_multiples	host_species	stool_type	study_day	HOL	timepoint	category	CS_y1_n0	labor_y1_n0	ROM_hr	neonatal_abx_within72	neonatal_abx_after72	mat_abx_within72_noCSPPX	GA	BW	sex_F0_M1	date_collected	time_collected	Abxprior_specimen_24	Abxprior_specimen_168	Abxprior_amp_24	Abxprior_gent_24	Abxprior_vanc_24	Abxprior_pipt_24	Abxprior_cef_24	Abxprior_mero_24	Abxprior_oxac_24	Abxprior_amp_168	Abxprior_gent_168	Abxprior_vanc_168	Abxprior_pipt_168	Abxprior_cef_168	Abxprior_mero_168	Abxprior_oxac_168	Diet_nonhuman_24h_prior	NPO_24h_prior	NPO_48h_prior	extract_id	qiacube_id	extract_date	final_dna_conc_ng_ul	barcode_index_set	final_library_conc_ng_ul	library_nM	vol_epMotion_ul	pooled	flow_cell_lane	flow_cell_id	hiseq_id	hiseq_flow_cell_position	run_start_date	dna_plate_barcode	lib_plate_barcode	qc_pool_barcode	seq_pool_barcode
inf159Cat3T7n1	TAAGGCGACTCTCTAT	S502	N701	A	1	NA	1	A01	Feces	Sagori Mukhopadhyay	Preterm MB	SRC - [807359]	1	NA	inf159	NA	Human	formed	47	1122	7	3	0	1	75.8	1	0	1	29	1165	1	3/4/2019	3:00	0	0	0	0	0	0	0	0	0	0	0	0	0	0	0	0	1	0	0	P1.1	E	11/14/20	6.26	Index Set A	8.97	11.41	2	TRUE	5,6,7,8	CD62UANXX	D00728	B	2020-12-22	24766	24767	NA	NA
inf181Cat3T2n1	GGAGCTACCTCTCTAT	S502	N718	A	2	NA	2	A02	Feces	Sagori Mukhopadhyay	Preterm MB	SRC - [843898]	1	NA	inf181	NA	Human	formed	11	257	2	3	1	1	9.4	1	0	0	31	1230	1	6/17/2019	12:15	0	0	0	0	0	0	0	0	0	0	0	0	0	0	0	0	1	0	0	P2.9	C	11/16/20	2.93	Index Set B	10.56	11.41	2	TRUE	5,6,7,8	CD62UANXX	D00728	B	2020-12-22	24768	24769	NA	NA
inf190Cat1T3n1	TAGCGCTCCTCTCTAT	S502	N723	A	7	NA	2	A07	Feces	Sagori Mukhopadhyay	Preterm MB	SRC - [894585]	1	NA	inf190	NA	Human	formed	20	471	3	1	1	0	0	0	1	0	32	1445	1	9/9/2019	11:00	0	1	0	0	0	0	0	0	0	0	1	1	0	0	0	1	1	0	0	P2.49	A	11/16/20	6.43	Index Set B	6.62	11.41	2	TRUE	5,6,7,8	CD62UANXX	D00728	B	2020-12-22	24768	24769	NA	NA
mockdna4	CGGAGCCTCTCTCTAT	S502	N720	A	4	NA	2	A04	Mock DNA	NA	NA	NA	NA	NA	NA	NA	NA	NA	NA	NA	NA	NA	NA	NA	NA	NA	NA	NA	NA	NA	NA	NA	NA	NA	NA	NA	NA	NA	NA	NA	NA	NA	NA	NA	NA	NA	NA	NA	NA	NA	NA	NA	NA	D	11/16/20	-0.01	Index Set B	8.32	11.41	2	TRUE	5,6,7,8	CD62UANXX	D00728	B	2020-12-22	24768	24769	NA	NA
inf188Cat3T3n1	TACGCTGCCTCTCTAT	S502	N721	A	5	NA	2	A05	Feces	Sagori Mukhopadhyay	Preterm MB	SRC - [894541]	1	NA	inf188	NA	Human	formed	17	393	3	3	0	1	358	1	1	0	28	1335	0	8/12/2019	0:01	0	0	0	0	0	0	0	0	0	0	0	0	0	0	0	0	0	0	0	P2.33	E	11/16/20	34.78	Index Set B	7.12	11.41	2	TRUE	5,6,7,8	CD62UANXX	D00728	B	2020-12-22	24768	24769	NA	NA
inf194Cat1T6n1	CGATCAGTCTCTCTAT	S502	N727	A	10	NA	2	A10	Feces	Sagori Mukhopadhyay	Preterm MB	SRC - [894685]	1	NA	inf194	inf195.inf196	Human	formed	38	910	6	1	1	0	0	0	1	0	28	1147	0	11/11/2019	12:00	0	0	0	0	0	0	0	0	0	0	0	0	0	0	0	0	1	0	0	P2.73	C	11/16/20	11.09	Index Set B	8.07	11.41	2	TRUE	5,6,7,8	CD62UANXX	D00728	B	2020-12-22	24768	24769	NA	NA
inf171Cat1T1n1	GGACTCCTCTCTCTAT	S502	N705	A	5	NA	1	A05	Feces	Sagori Mukhopadhyay	Preterm MB	SRC - [807465]	1	NA	inf171	NA	Human	meconuim	6	129	1	1	1	0	0	0	0	0	29	1335	0	4/16/2019	0:00	0	0	0	0	0	0	0	0	0	0	0	0	0	0	0	0	0	0	0	P1.33	B	11/14/20	0.48	Index Set A	6.09	11.41	2	TRUE	5,6,7,8	CD62UANXX	D00728	B	2020-12-22	24766	24767	NA	NA
inf168Cat3T3n1	AGGCAGAACTCTCTAT	S502	N703	A	3	NA	1	A03	Feces	Sagori Mukhopadhyay	Preterm MB	SRC - [807436]	1	NA	inf168	inf167	Human	formed	17	422	3	3	1	1	4.1	1	0	1	29	1265	0	4/22/2019	18:00	0	0	0	0	0	0	0	0	0	0	0	0	0	0	0	0	1	0	0	P1.17	A	11/14/20	5.88	Index Set A	7.93	11.41	2	TRUE	5,6,7,8	CD62UANXX	D00728	B	2020-12-22	24766	24767	NA	NA
inf167Cat3T2n1	CGTACTAGCTCTCTAT	S502	N702	A	2	NA	1	A02	Feces	Sagori Mukhopadhyay	Preterm MB	SRC - [807478]	1	NA	inf167	inf168	Human	formed	8	201	2	3	0	1	4	1	0	1	29	1365	0	4/13/2019	12:15	0	1	0	0	0	0	0	0	0	1	0	0	0	0	0	0	1	0	0	P1.9	A	11/14/20	0.68	Index Set A	4.32	11.41	2	TRUE	5,6,7,8	CD62UANXX	D00728	B	2020-12-22	24766	24767	NA	NA
inf173Cat3T1n1	CTCTCTACCTCTCTAT	S502	N707	A	7	NA	1	A07	Feces	Sagori Mukhopadhyay	Preterm MB	SRC - [844025]	1	NA	inf173	NA	Human	meconuim	5	120	1	3	1	1	72	1	1	unk	26	1005	1	4/10/2019	4:00	0	1	0	0	0	0	0	0	0	1	0	0	0	0	0	0	0	0	0	P1.49	D	11/14/20	0.09	Index Set A	1.93	11.41	2	TRUE	5,6,7,8	CD62UANXX	D00728	B	2020-12-22	24766	24767	NA	NA
mockdna2	TCCTGAGCCTCTCTAT	S502	N704	A	4	NA	1	A04	Mock DNA	NA	NA	NA	NA	NA	NA	NA	NA	NA	NA	NA	NA	NA	NA	NA	NA	NA	NA	NA	NA	NA	NA	NA	NA	NA	NA	NA	NA	NA	NA	NA	NA	NA	NA	NA	NA	NA	NA	NA	NA	NA	NA	NA	NA	B	11/14/20	-0.01	Index Set A	8.25	11.41	2	TRUE	5,6,7,8	CD62UANXX	D00728	B	2020-12-22	24766	24767	NA	NA
inf174Cat3T8n1	AAGAGGCACTCTCTAT	S502	N711	A	9	NA	1	A09	Feces	Sagori Mukhopadhyay	Preterm MB	SRC - [844050]	1	NA	inf174	NA	Human	formed	54	1287	8	3	0	1	11	1	0	1	27	895	0	6/3/2019	15:00	0	0	0	0	0	0	0	0	0	0	0	0	0	0	0	0	1	0	0	P1.65	E	11/14/20	34.81	Index Set A	8.42	11.41	2	TRUE	5,6,7,8	CD62UANXX	D00728	B	2020-12-22	24766	24767	NA	NA
inf196Cat1T7n1	TCGACGTCCTCTCTAT	S502	N729	A	12	NA	2	A12	Feces	Sagori Mukhopadhyay	Preterm MB	SRC - [937297]	1	NA	inf196	inf194.inf195	Human	formed	45	1084	7	1	1	0	0	0	0	0	28	905	1	11/18/2019	18:00	0	0	0	0	0	0	0	0	0	0	0	0	0	0	0	0	1	0	0	P2.89	E	11/16/20	3.83	Index Set B	8.66	11.41	2	TRUE	5,6,7,8	CD62UANXX	D00728	B	2020-12-22	24768	24769	NA	NA
inf193Cat3T6n1	CCTAAGACCTCTCTAT	S502	N726	A	9	NA	2	A09	Feces	Sagori Mukhopadhyay	Preterm MB	SRC - [894643]	1	NA	inf193	NA	Human	formed	40	961	6	3	0	1	0.1	1	1	0	31	1089	1	10/23/2019	6:10	0	0	0	0	0	0	0	0	0	0	0	0	0	0	0	0	1	0	0	P2.65	C	11/16/20	9.91	Index Set B	4.3	11.41	2	TRUE	5,6,7,8	CD62UANXX	D00728	B	2020-12-22	24768	24769	NA	NA
inf182Cat1T3n1	GCGTAGTACTCTCTAT	S502	N719	A	3	NA	2	A03	Feces	Sagori Mukhopadhyay	Preterm MB	SRC - [843915]	1	NA	inf182	NA	Human	formed	19	436	3	1	1	0	0	0	0	0	29	1155	0	7/1/2019	3:15	0	0	0	0	0	0	0	0	0	0	0	0	0	0	0	0	1	0	0	P2.17	D	11/16/20	16.95	Index Set B	9.83	11.41	2	TRUE	5,6,7,8	CD62UANXX	D00728	B	2020-12-22	24768	24769	NA	NA
inf191Cat2T6n1	ACTGAGCGCTCTCTAT	S502	N724	A	8	NA	2	A08	Feces	Sagori Mukhopadhyay	Preterm MB	SRC - [894594]	1	NA	inf191	NA	Human	formed	37	894	6	2	1	0	0	1	0	0	29	1385	0	9/23/2019	8:45	0	0	0	0	0	0	0	0	0	0	0	0	0	0	0	0	1	0	0	P2.57	B	11/16/20	6.52	Index Set B	9.21	11.41	2	TRUE	5,6,7,8	CD62UANXX	D00728	B	2020-12-22	24768	24769	NA	NA
inf176Cat3T1n1	GTAGAGGACTCTCTAT	S502	N712	A	10	NA	1	A10	Feces	Sagori Mukhopadhyay	Preterm MB	SRC - [844004]	1	NA	inf176	inf177	Human	meconuim	4	87	1	3	1	1	0	1	0	1	24	815	0	4/26/2019	4:00	0	1	0	0	0	0	0	0	0	1	1	0	0	0	0	0	0	0	0	P1.73		11/17/20	1.85	Index Set A	4	11.41	2	TRUE	5,6,7,8	CD62UANXX	D00728	B	2020-12-22	24766	24767	NA	NA
inf174Cat3T0n1	CGAGGCTGCTCTCTAT	S502	N710	A	8	NA	1	A08	Feces	Sagori Mukhopadhyay	Preterm MB	SRC - [844028]	1	NA	inf174	NA	Human	meconuim	2	38	0	3	0	1	11	1	0	1	27	895	0	4/12/2019	13:55	1	1	1	0	0	0	0	0	0	1	1	0	0	0	0	0	0	0	0	P1.57	D	11/14/20	0.13	Index Set A	2.92	11.41	2	TRUE	5,6,7,8	CD62UANXX	D00728	B	2020-12-22	24766	24767	NA	NA
inf180Cat3T2n1	ACTCGCTACTCTCTAT	S502	N716	A	1	NA	2	A01	Feces	Sagori Mukhopadhyay	Preterm MB	SRC - [843979]	1	NA	inf180	NA	Human	formed	10	243	2	3	1	1	0	1	0	0	28	1395	1	6/11/2019	9:00	0	0	0	0	0	0	0	0	0	0	0	0	0	0	0	0	1	0	0	P2.1	C	11/16/20	4.75	Index Set B	7.75	11.41	2	TRUE	5,6,7,8	CD62UANXX	D00728	B	2020-12-22	24768	24769	NA	NA
inf178Cat3T3n1	ATCTCAGGCTCTCTAT	S502	N715	A	12	NA	1	A12	Feces	Sagori Mukhopadhyay	Preterm MB	SRC - [844048]	1	NA	inf178	NA	Human	formed	18	415	3	3	0	1	339.3	1	0	0	28	1480	1	6/3/2019	0:01	0	0	0	0	0	0	0	0	0	0	0	0	0	0	0	0	0	0	0	P1.89	B	11/16/20	16.33	Index Set A	6.32	11.41	2	TRUE	5,6,7,8	CD62UANXX	D00728	B	2020-12-22	24766	24767	NA	NA
inf195Cat1T6n1	TGCAGCTACTCTCTAT	S502	N728	A	11	NA	2	A11	Feces	Sagori Mukhopadhyay	Preterm MB	SRC - [894686]	1	NA	inf195	inf194.inf196	Human	formed	38	910	6	1	1	0	0	0	0	0	28	797	1	11/11/2019	12:00	0	0	0	0	0	0	0	0	0	0	0	0	0	0	0	0	1	0	0	P2.81	D	11/16/20	6.63	Index Set B	8.27	11.41	2	TRUE	5,6,7,8	CD62UANXX	D00728	B	2020-12-22	24768	24769	NA	NA
inf172Cat3T1n1	TAGGCATGCTCTCTAT	S502	N706	A	6	NA	1	A06	Feces	Sagori Mukhopadhyay	Preterm MB	SRC - [844033]	1	NA	inf172	NA	Human	transitional	6	159	1	3	1	1	0	1	0	1	26	1005	1	4/10/2019	21:00	0	1	0	0	0	0	0	0	0	1	1	0	0	0	0	0	0	0	0	P1.41	C	11/14/20	5.69	Index Set A	6.79	11.41	2	TRUE	5,6,7,8	CD62UANXX	D00728	B	2020-12-22	24766	24767	NA	NA
inf177Cat3T2n1	GCTCATGACTCTCTAT	S502	N714	A	11	NA	1	A11	Feces	Sagori Mukhopadhyay	Preterm MB	SRC - [843991]	1	NA	inf177	inf176	Human	formed	14	323	2	3	1	1	0	1	1	1	24	615	0	5/6/2019	0:01	0	0	0	0	0	0	0	0	0	0	0	0	0	0	0	0	0	0	0	P1.81	A	11/16/20	4.71	Index Set A	5.53	11.41	2	TRUE	5,6,7,8	CD62UANXX	D00728	B	2020-12-22	24766	24767	NA	NA
inf189Cat1T3n1	ATGCGCAGCTCTCTAT	S502	N722	A	6	NA	2	A06	Feces	Sagori Mukhopadhyay	Preterm MB	SRC - [894560]	1	NA	inf189	NA	Human	formed	19	453	3	1	1	0	0	0	0	0	32	1420	1	8/27/2019	15:30	0	0	0	0	0	0	0	0	0	0	0	0	0	0	0	0	1	0	0	P2.41	A	11/16/20	1.9	Index Set B	6.64	11.41	2	TRUE	5,6,7,8	CD62UANXX	D00728	B	2020-12-22	24768	24769	NA	NA
inf176Cat3T2n1	GTAGAGGATATCCTCT	S503	N712	B	10	NA	1	B10	Feces	Sagori Mukhopadhyay	Preterm MB	SRC - [844005]	1	NA	inf176	inf177	Human	transitional	14	326	2	3	1	1	0	1	0	1	24	815	0	5/6/2019	3:00	0	0	0	0	0	0	0	0	0	0	0	0	0	0	0	0	0	0	0	P1.74	A	11/16/20	7.25	Index Set A	6.93	11.41	2	TRUE	5,6,7,8	CD62UANXX	D00728	B	2020-12-22	24766	24767	NA	NA
inf172Cat3T2n1	TAGGCATGTATCCTCT	S503	N706	B	6	NA	1	B06	Feces	Sagori Mukhopadhyay	Preterm MB	SRC - [844031]	1	NA	inf172	NA	Human	formed	12	287	2	3	1	1	0	1	0	1	26	1005	1	4/16/2019	5:30	0	0	0	0	0	0	0	0	0	0	0	0	0	0	0	0	0	0	0	P1.42	C	11/14/20	20.86	Index Set A	8.67	11.41	2	TRUE	5,6,7,8	CD62UANXX	D00728	B	2020-12-22	24766	24767	NA	NA
inf194Cat1T7n1	CGATCAGTTATCCTCT	S503	N727	B	10	NA	2	B10	Feces	Sagori Mukhopadhyay	Preterm MB	SRC - [937296]	1	NA	inf194	inf195.inf196	Human	formed	45	1087	7	1	1	0	0	0	1	0	28	1147	0	11/18/2019	21:00	0	0	0	0	0	0	0	0	0	0	0	0	0	0	0	0	1	0	0	P2.74	C	11/16/20	25.4	Index Set B	7.38	11.41	2	TRUE	5,6,7,8	CD62UANXX	D00728	B	2020-12-22	24768	24769	NA	NA
inf196Cat1T8n1	TCGACGTCTATCCTCT	S503	N729	B	12	NA	2	B12	Feces	Sagori Mukhopadhyay	Preterm MB	SRC - [937301]	1	NA	inf196	inf194.inf195	Human	formed	52	1249	8	1	1	0	0	0	0	0	28	905	1	11/25/2019	15:00	0	0	0	0	0	0	0	0	0	0	0	0	0	0	0	0	1	0	0	P2.90	E	11/16/20	10.77	Index Set B	9.1	11.41	2	TRUE	5,6,7,8	CD62UANXX	D00728	B	2020-12-22	24768	24769	NA	NA
inf185Cat1T3n1	CGGAGCCTTATCCTCT	S503	N720	B	4	NA	2	B04	Feces	Sagori Mukhopadhyay	Preterm MB	SRC - [894522]	1	NA	inf185	NA	Human	formed	18	419	3	1	1	0	0	0	0	0	32	1380	0	7/29/2019	9:00	0	0	0	0	0	0	0	0	0	0	0	0	0	0	0	0	1	0	0	P2.26	D	11/16/20	2.14	Index Set B	6.82	11.41	2	TRUE	5,6,7,8	CD62UANXX	D00728	B	2020-12-22	24768	24769	NA	NA
inf191Cat2T0n1	TAGCGCTCTATCCTCT	S503	N723	B	7	NA	2	B07	Feces	Sagori Mukhopadhyay	Preterm MB	SRC - [894568]	1	NA	inf191	NA	Human	meconuim	2	61	0	2	1	0	0	1	0	0	29	1385	0	8/19/2019	15:00	1	1	1	0	0	0	0	0	0	1	1	0	0	0	0	0	0	0	0	P2.50	A	11/16/20	0.05	Index Set B	1.79	11.41	2	TRUE	5,6,7,8	CD62UANXX	D00728	B	2020-12-22	24768	24769	NA	NA
inf168Cat3T4n1	AGGCAGAATATCCTCT	S503	N703	B	3	NA	1	B03	Feces	Sagori Mukhopadhyay	Preterm MB	SRC - [844036]	1	NA	inf168	inf167	Human	formed	25	617	4	3	1	1	4.1	1	0	1	29	1265	0	4/30/2019	21:00	0	0	0	0	0	0	0	0	0	0	0	0	0	0	0	0	1	0	0	P1.18	A	11/14/20	59	Index Set A	4.24	11.41	2	TRUE	5,6,7,8	CD62UANXX	D00728	B	2020-12-22	24766	24767	NA	NA
inf167Cat3T3n1	CGTACTAGTATCCTCT	S503	N702	B	2	NA	1	B02	Feces	Sagori Mukhopadhyay	Preterm MB	SRC - [807459]	1	NA	inf167	inf168	Human	formed	17	404	3	3	0	1	4	1	0	1	29	1365	0	4/22/2019	0:01	0	0	0	0	0	0	0	0	0	0	0	0	0	0	0	0	1	0	0	P1.10	A	11/14/20	18.57	Index Set A	7.43	11.41	2	TRUE	5,6,7,8	CD62UANXX	D00728	B	2020-12-22	24766	24767	NA	NA
inf175Cat3T2n1	AAGAGGCATATCCTCT	S503	N711	B	9	NA	1	B09	Feces	Sagori Mukhopadhyay	Preterm MB	SRC - [807440]	1	NA	inf175	NA	Human	meconuim	11	259	2	3	0	1	0.2	1	1	1	30	1025	1	4/22/2019	9:00	0	1	0	0	0	0	0	0	0	0	1	1	0	0	0	0	0	0	0	P1.66	E	11/14/20	2.14	Index Set A	4.13	11.41	2	TRUE	5,6,7,8	CD62UANXX	D00728	B	2020-12-22	24766	24767	NA	NA
inf193Cat3T7n1	CCTAAGACTATCCTCT	S503	N726	B	9	NA	2	B09	Feces	Sagori Mukhopadhyay	Preterm MB	SRC - [894650]	1	NA	inf193	NA	Human	formed	45	1083	7	3	0	1	0.1	1	1	0	31	1089	1	10/28/2019	8:00	0	0	0	0	0	0	0	0	0	0	0	0	0	0	0	0	1	0	0	P2.66	C	11/16/20	6.18	Index Set B	5.48	11.41	2	TRUE	5,6,7,8	CD62UANXX	D00728	B	2020-12-22	24768	24769	NA	NA
inf195Cat1T7n1	TGCAGCTATATCCTCT	S503	N728	B	11	NA	2	B11	Feces	Sagori Mukhopadhyay	Preterm MB	SRC - [937298]	1	NA	inf195	inf194.inf196	Human	formed	46	1111	7	1	1	0	0	0	0	0	28	797	1	11/19/2019	21:00	0	0	0	0	0	0	0	0	0	0	0	0	0	0	0	0	1	0	0	P2.82	D	11/16/20	4.91	Index Set B	8.02	11.41	2	TRUE	5,6,7,8	CD62UANXX	D00728	B	2020-12-22	24768	24769	NA	NA
inf160Cat3T8n1	TAAGGCGATATCCTCT	S503	N701	B	1	NA	1	B01	Feces	Sagori Mukhopadhyay	Preterm MB	SRC - [807511]	1	NA	inf160	NA	Human	formed	54	1308	8	3	0	1	0.2	1	0	1	26	1245	1	4/2/2019	14:27	0	0	0	0	0	0	0	0	0	0	0	0	0	0	0	0	1	0	0	P1.2	E	11/14/20	38.83	Index Set A	9.58	11.41	2	TRUE	5,6,7,8	CD62UANXX	D00728	B	2020-12-22	24766	24767	NA	NA
inf177Cat3T3n1	GCTCATGATATCCTCT	S503	N714	B	11	NA	1	B11	Feces	Sagori Mukhopadhyay	Preterm MB	SRC - [843993]	1	NA	inf177	inf176	Human	transitional	21	491	3	3	1	1	0	1	1	1	24	615	0	5/13/2019	0:01	0	1	0	0	0	0	0	0	0	0	1	1	0	0	0	0	0	0	0	P1.82	A	11/16/20	9.78	Index Set A	5.66	11.41	2	TRUE	5,6,7,8	CD62UANXX	D00728	B	2020-12-22	24766	24767	NA	NA
inf169Cat3T5n1	TCCTGAGCTATCCTCT	S503	N704	B	4	NA	1	B04	Feces	Sagori Mukhopadhyay	Preterm MB	SRC - [844010]	1	NA	inf169	NA	Human	formed	34	827	5	3	1	1	0	0	0	1	32	1450	0	5/7/2019	12:30	0	0	0	0	0	0	0	0	0	0	0	0	0	0	0	0	1	0	0	P1.26	B	11/14/20	6.13	Index Set A	7.93	11.41	2	TRUE	5,6,7,8	CD62UANXX	D00728	B	2020-12-22	24766	24767	NA	NA
inf191Cat2T7n1	ACTGAGCGTATCCTCT	S503	N724	B	8	NA	2	B08	Feces	Sagori Mukhopadhyay	Preterm MB	SRC - [894604]	1	NA	inf191	NA	Human	formed	44	1075	7	2	1	0	0	1	0	0	29	1385	0	9/30/2019	21:00	0	0	0	0	0	0	0	0	0	0	0	0	0	0	0	0	1	0	0	P2.58	B	11/16/20	2.52	Index Set B	8.98	11.41	2	TRUE	5,6,7,8	CD62UANXX	D00728	B	2020-12-22	24768	24769	NA	NA
inf171Cat1T2n1	GGACTCCTTATCCTCT	S503	N705	B	5	NA	1	B05	Feces	Sagori Mukhopadhyay	Preterm MB	SRC - [807464]	1	NA	inf171	NA	Human	transitional	8	189	2	1	1	0	0	0	0	0	29	1335	0	4/18/2019	12:00	0	0	0	0	0	0	0	0	0	0	0	0	0	0	0	0	0	0	0	P1.34	B	11/14/20	0.82	Index Set A	5.72	11.41	2	TRUE	5,6,7,8	CD62UANXX	D00728	B	2020-12-22	24766	24767	NA	NA
inf174Cat3T1n1	CGAGGCTGTATCCTCT	S503	N710	B	8	NA	1	B08	Feces	Sagori Mukhopadhyay	Preterm MB	SRC - [844027]	1	NA	inf174	NA	Human	meconuim	6	128	1	3	0	1	11	1	0	1	27	895	0	4/16/2019	8:00	0	0	0	0	0	0	0	0	0	0	0	0	0	0	0	0	0	0	0	P1.58	D	11/14/20	0.26	Index Set A	5.03	11.41	2	TRUE	5,6,7,8	CD62UANXX	D00728	B	2020-12-22	24766	24767	NA	NA
inf181Cat3T3n1	GGAGCTACTATCCTCT	S503	N718	B	2	NA	2	B02	Feces	Sagori Mukhopadhyay	Preterm MB	SRC - [843909]	1	NA	inf181	NA	Human	formed	21	497	3	3	1	1	9.4	1	0	0	31	1230	1	6/27/2019	12:00	0	0	0	0	0	0	0	0	0	0	0	0	0	0	0	0	1	0	0	P2.10	C	11/16/20	9.66	Index Set B	0.09	11.41	2	TRUE	5,6,7,8	CD62UANXX	D00728	B	2020-12-22	24768	24769	NA	NA
inf188Cat3T4n1	TACGCTGCTATCCTCT	S503	N721	B	5	NA	2	B05	Feces	Sagori Mukhopadhyay	Preterm MB	SRC - [894548]	1	NA	inf188	NA	Human	formed	24	572	4	3	0	1	358	1	1	0	28	1335	0	8/19/2019	11:30	0	0	0	0	0	0	0	0	0	0	0	0	0	0	0	0	0	0	0	P2.34	E	11/16/20	41.98	Index Set B	7.61	11.41	2	TRUE	5,6,7,8	CD62UANXX	D00728	B	2020-12-22	24768	24769	NA	NA
inf179Cat1T0n1	ATCTCAGGTATCCTCT	S503	N715	B	12	NA	1	B12	Feces	Sagori Mukhopadhyay	Preterm MB	SRC - [844069]	1	NA	inf179	NA	Human	meconuim	2	30	0	1	1	0	0	0	0	0	32	1310	0	5/17/2019	0:00	0	0	0	0	0	0	0	0	0	0	0	0	0	0	0	0	0	0	0	P1.90	B	11/16/20	0.09	Index Set A	1.52	11.41	2	TRUE	5,6,7,8	CD62UANXX	D00728	B	2020-12-22	24766	24767	NA	NA
inf189Cat1T4n1	ATGCGCAGTATCCTCT	S503	N722	B	6	NA	2	B06	Feces	Sagori Mukhopadhyay	Preterm MB	SRC - [894567]	1	NA	inf189	NA	Human	formed	26	606	4	1	1	0	0	0	0	0	32	1420	1	9/3/2019	0:30	0	0	0	0	0	0	0	0	0	0	0	0	0	0	0	0	1	0	0	P2.42	A	11/16/20	12.35	Index Set B	8.31	11.41	2	TRUE	5,6,7,8	CD62UANXX	D00728	B	2020-12-22	24768	24769	NA	NA
inf173Cat3T3n1	CTCTCTACTATCCTCT	S503	N707	B	7	NA	1	B07	Feces	Sagori Mukhopadhyay	Preterm MB	SRC - [807437]	1	NA	inf173	NA	Human	formed	18	443	3	3	1	1	72	1	1	unk	27	940	1	4/23/2019	15:00	0	0	0	0	0	0	0	0	0	0	0	0	0	0	0	0	0	0	0	P1.50	D	11/14/20	2.02	Index Set A	4.16	11.41	2	TRUE	5,6,7,8	CD62UANXX	D00728	B	2020-12-22	24766	24767	NA	NA
inf182Cat1T4n1	GCGTAGTATATCCTCT	S503	N719	B	3	NA	2	B03	Feces	Sagori Mukhopadhyay	Preterm MB	SRC - [843937]	1	NA	inf182	NA	Human	formed	26	612	4	1	1	0	0	0	0	0	29	1155	0	7/8/2019	12:00	0	0	0	0	0	0	0	0	0	0	0	0	0	0	0	0	1	0	0	P2.18	D	11/16/20	11.37	Index Set B	8.97	11.41	2	TRUE	5,6,7,8	CD62UANXX	D00728	B	2020-12-22	24768	24769	NA	NA
inf180Cat3T3n1	ACTCGCTATATCCTCT	S503	N716	B	1	NA	2	B01	Feces	Sagori Mukhopadhyay	Preterm MB	SRC - [843899]	1	NA	inf180	NA	Human	formed	16	384	3	3	1	1	0	1	0	0	28	1395	1	6/17/2019	6:00	0	0	0	0	0	0	0	0	0	0	0	0	0	0	0	0	1	0	0	P2.2	C	11/16/20	33.53	Index Set B	9.62	11.41	2	TRUE	5,6,7,8	CD62UANXX	D00728	B	2020-12-22	24768	24769	NA	NA
inf197Cat1T2n1	TCGACGTCGTAAGGAG	S505	N729	C	12	NA	2	C12	Feces	Sagori Mukhopadhyay	Preterm MB	SRC - [894645]	1	NA	inf197	NA	Human	formed	13	314	2	1	1	0	0	0	1	1	30	1340	0	10/24/2019	15:00	0	0	0	0	0	0	0	0	0	0	0	0	0	0	0	0	1	0	0	P2.91	E	11/16/20	28.49	Index Set B	10.09	11.41	2	TRUE	5,6,7,8	CD62UANXX	D00728	B	2020-12-22	24768	24769	NA	NA
inf176Cat3T3n1	GTAGAGGAGTAAGGAG	S505	N712	C	10	NA	1	C10	Feces	Sagori Mukhopadhyay	Preterm MB	SRC - [843998]	1	NA	inf176	inf177	Human	formed	21	501	3	3	1	1	0	1	0	1	24	815	0	5/13/2019	9:30	0	0	0	0	0	0	0	0	0	0	0	0	0	0	0	0	0	0	0	P1.75	A	11/16/20	4.2	Index Set A	6.94	11.41	2	TRUE	5,6,7,8	CD62UANXX	D00728	B	2020-12-22	24766	24767	NA	NA
inf172Cat3T3n1	TAGGCATGGTAAGGAG	S505	N706	C	6	NA	1	C06	Feces	Sagori Mukhopadhyay	Preterm MB	SRC - [807461]	1	NA	inf172	NA	Human	formed	18	432	3	3	1	1	0	1	0	1	26	1005	1	4/22/2019	6:00	0	0	0	0	0	0	0	0	0	0	0	0	0	0	0	0	0	0	0	P1.43	C	11/14/20	6.22	Index Set A	9.44	11.41	2	TRUE	5,6,7,8	CD62UANXX	D00728	B	2020-12-22	24766	24767	NA	NA
inf195Cat1T1n1	CGATCAGTGTAAGGAG	S505	N727	C	10	NA	2	C10	Feces	Sagori Mukhopadhyay	Preterm MB	SRC - [894614]	1	NA	inf195	inf194.inf196	Human	meconuim	5	112	1	1	1	0	0	0	0	0	28	797	1	10/9/2019	6:00	0	0	0	0	0	0	0	0	0	0	0	0	0	0	0	0	0	0	0	P2.75	C	11/16/20	1	Index Set B	5.33	11.41	2	TRUE	5,6,7,8	CD62UANXX	D00728	B	2020-12-22	24768	24769	NA	NA
inf163Cat3T8n1	TAAGGCGAGTAAGGAG	S505	N701	C	1	NA	1	C01	Feces	Sagori Mukhopadhyay	Preterm MB	SRC - [807468]	1	NA	inf163	NA	Human	formed	53	1273	8	3	1	1	0	1	1	1	26	825	0	4/16/2019	16:15	0	0	0	0	0	0	0	0	0	0	0	0	0	0	0	0	1	0	0	P1.3	E	11/14/20	9.25	Index Set A	7.33	11.41	2	TRUE	5,6,7,8	CD62UANXX	D00728	B	2020-12-22	24766	24767	NA	NA
inf191Cat2T8n1	ACTGAGCGGTAAGGAG	S505	N724	C	8	NA	2	C08	Feces	Sagori Mukhopadhyay	Preterm MB	SRC - [894616]	1	NA	inf191	NA	Human	formed	54	1305	8	2	1	0	0	1	0	0	29	1385	0	10/10/2019	11:43	0	0	0	0	0	0	0	0	0	0	0	0	0	0	0	0	1	0	0	P2.59	B	11/16/20	1.17	Index Set B	8.32	11.41	2	TRUE	5,6,7,8	CD62UANXX	D00728	B	2020-12-22	24768	24769	NA	NA
DNAfreewater1	AAGAGGCAGTAAGGAG	S505	N711	C	9	NA	1	C09	DNA-free water	NA	NA	NA	NA	NA	NA	NA	NA	NA	NA	NA	NA	NA	NA	NA	NA	NA	NA	NA	NA	NA	NA	NA	NA	NA	NA	NA	NA	NA	NA	NA	NA	NA	NA	NA	NA	NA	NA	NA	NA	NA	NA	NA	NA	E	11/14/20	-0.02	Index Set A	0.01	11.41	2	TRUE	5,6,7,8	CD62UANXX	D00728	B	2020-12-22	24766	24767	NA	NA
inf182Cat1T5n1	GCGTAGTAGTAAGGAG	S505	N719	C	3	NA	2	C03	Feces	Sagori Mukhopadhyay	Preterm MB	SRC - [843944]	1	NA	inf182	NA	Human	formed	33	780	5	1	1	0	0	0	0	0	29	1155	0	7/15/2019	11:15	0	0	0	0	0	0	0	0	0	0	0	0	0	0	0	0	1	0	0	P2.19	D	11/16/20	3.14	Index Set B	9.6	11.41	2	TRUE	5,6,7,8	CD62UANXX	D00728	B	2020-12-22	24768	24769	NA	NA
inf171Cat1T3n1	GGACTCCTGTAAGGAG	S505	N705	C	5	NA	1	C05	Feces	Sagori Mukhopadhyay	Preterm MB	SRC - [844034]	1	NA	inf171	NA	Human	formed	20	486	3	1	1	0	0	0	0	0	29	1335	0	4/30/2019	21:00	0	0	0	0	0	0	0	0	0	0	0	0	0	0	0	0	1	0	0	P1.35	C	11/14/20	11.41	Index Set A	6.55	11.41	2	TRUE	5,6,7,8	CD62UANXX	D00728	B	2020-12-22	24766	24767	NA	NA
inf168Cat3T5n1	AGGCAGAAGTAAGGAG	S505	N703	C	3	NA	1	C03	Feces	Sagori Mukhopadhyay	Preterm MB	SRC - [844021]	1	NA	inf168	inf167	Human	formed	31	740	5	3	1	1	4.1	1	0	1	29	1265	0	5/6/2019	0:10	0	0	0	0	0	0	0	0	0	0	0	0	0	0	0	0	1	0	0	P1.19	A	11/14/20	24.57	Index Set A	6.6	11.41	2	TRUE	5,6,7,8	CD62UANXX	D00728	B	2020-12-22	24766	24767	NA	NA
inf187Cat3T0n1	CGGAGCCTGTAAGGAG	S505	N720	C	4	NA	2	C04	Feces	Sagori Mukhopadhyay	Preterm MB	SRC - [894516]	1	NA	inf187	NA	Human	meconuim	2	38	0	3	0	1	57.6	1	0	1	30	1475	0	7/18/2019	3:00	1	1	1	0	0	0	0	0	0	1	1	0	0	0	0	0	0	0	0	P2.27	E	11/16/20	0.1	Index Set B	0.91	11.41	2	TRUE	5,6,7,8	CD62UANXX	D00728	B	2020-12-22	24768	24769	NA	NA
inf181Cat3T4n1	GGAGCTACGTAAGGAG	S505	N718	C	2	NA	2	C02	Feces	Sagori Mukhopadhyay	Preterm MB	SRC - [843929]	1	NA	inf181	NA	Human	formed	27	644	4	3	1	1	9.4	1	0	0	31	1230	1	7/3/2019	15:00	0	0	0	0	0	0	0	0	0	0	0	0	0	0	0	0	1	0	0	P2.11	C	11/16/20	22.69	Index Set B	7.19	11.41	2	TRUE	5,6,7,8	CD62UANXX	D00728	B	2020-12-22	24768	24769	NA	NA
inf191Cat2T1n1	TAGCGCTCGTAAGGAG	S505	N723	C	7	NA	2	C07	Feces	Sagori Mukhopadhyay	Preterm MB	SRC - [894571]	1	NA	inf191	NA	Human	transitional	6	154	1	2	1	0	0	1	0	0	29	1385	0	8/23/2019	12:00	0	1	0	0	0	0	0	0	0	1	1	0	0	0	0	0	0	0	0	P2.51	B	11/16/20	0.28	Index Set B	3.3	11.41	2	TRUE	5,6,7,8	CD62UANXX	D00728	B	2020-12-22	24768	24769	NA	NA
inf188Cat3T5n1	TACGCTGCGTAAGGAG	S505	N721	C	5	NA	2	C05	Feces	Sagori Mukhopadhyay	Preterm MB	SRC - [894558]	1	NA	inf188	NA	Human	formed	31	738	5	3	0	1	358	1	1	0	28	1335	0	8/26/2019	9:00	0	0	0	0	0	0	0	0	0	0	0	0	0	0	0	0	0	0	0	P2.35	E	11/16/20	30.32	Index Set B	7.43	11.41	2	TRUE	5,6,7,8	CD62UANXX	D00728	B	2020-12-22	24768	24769	NA	NA
inf174Cat3T2n1	CGAGGCTGGTAAGGAG	S505	N710	C	8	NA	1	C08	Feces	Sagori Mukhopadhyay	Preterm MB	SRC - [844026]	1	NA	inf174	NA	Human	formed	8	176	2	3	0	1	11	1	0	1	27	895	0	4/18/2019	8:15	0	0	0	0	0	0	0	0	0	0	0	0	0	0	0	0	0	0	0	P1.59	E	11/14/20	3.28	Index Set A	4.27	11.41	2	TRUE	5,6,7,8	CD62UANXX	D00728	B	2020-12-22	24766	24767	NA	NA
inf177Cat3T4n1	GCTCATGAGTAAGGAG	S505	N714	C	11	NA	1	C11	Feces	Sagori Mukhopadhyay	Preterm MB	SRC - [844083]	1	NA	inf177	inf176	Human	formed	28	674	4	3	1	1	0	1	1	1	24	615	0	5/20/2019	14:45	0	0	0	0	0	0	0	0	0	0	0	0	0	0	0	0	0	0	0	P1.83	A	11/16/20	1.4	Index Set A	4.52	11.41	2	TRUE	5,6,7,8	CD62UANXX	D00728	B	2020-12-22	24766	24767	NA	NA
DNAfreewater3	CCTAAGACGTAAGGAG	S505	N726	C	9	NA	2	C09	DNA-free water	NA	NA	NA	NA	NA	NA	NA	NA	NA	NA	NA	NA	NA	NA	NA	NA	NA	NA	NA	NA	NA	NA	NA	NA	NA	NA	NA	NA	NA	NA	NA	NA	NA	NA	NA	NA	NA	NA	NA	NA	NA	NA	NA	NA	NA	11/16/20	-0.02	Index Set B	-0.01	11.41	2	TRUE	5,6,7,8	CD62UANXX	D00728	B	2020-12-22	24768	24769	NA	NA
inf173Cat3T4n1	CTCTCTACGTAAGGAG	S505	N707	C	7	NA	1	C07	Feces	Sagori Mukhopadhyay	Preterm MB	SRC - [807444]	1	NA	inf173	NA	Human	formed	25	599	4	3	1	1	72	1	1	unk	27	940	1	4/30/2019	3:00	0	0	0	0	0	0	0	0	0	0	0	0	0	0	0	0	0	0	0	P1.51	D	11/14/20	0.95	Index Set A	3.61	11.41	2	TRUE	5,6,7,8	CD62UANXX	D00728	B	2020-12-22	24766	24767	NA	NA
inf179Cat1T1n1	ATCTCAGGGTAAGGAG	S505	N715	C	12	NA	1	C12	Feces	Sagori Mukhopadhyay	Preterm MB	SRC - [844070]	1	NA	inf179	NA	Human	transitional	5	116	1	1	1	0	0	0	0	0	32	1310	0	5/20/2019	14:00	0	0	0	0	0	0	0	0	0	0	0	0	0	0	0	0	1	0	0	P1.91	B	11/16/20	1.22	Index Set A	7.4	11.41	2	TRUE	5,6,7,8	CD62UANXX	D00728	B	2020-12-22	24766	24767	NA	NA
inf167Cat3T4n1	CGTACTAGGTAAGGAG	S505	N702	C	2	NA	1	C02	Feces	Sagori Mukhopadhyay	Preterm MB	SRC - [807448]	1	NA	inf167	inf168	Human	formed	25	608	4	3	0	1	4	1	0	1	29	1365	0	4/30/2019	12:00	0	0	0	0	0	0	0	0	0	0	0	0	0	0	0	0	1	0	0	P1.11	A	11/14/20	0.17	Index Set A	5.28	11.41	2	TRUE	5,6,7,8	CD62UANXX	D00728	B	2020-12-22	24766	24767	NA	NA
inf170Cat3T1n1	TCCTGAGCGTAAGGAG	S505	N704	C	4	NA	1	C04	Feces	Sagori Mukhopadhyay	Preterm MB	SRC - [807481	1	NA	inf170	NA	Human	meconuim	5	117	1	3	1	1	0	1	0	0	27	1175	1	4/13/2019	9:00	0	1	0	0	0	0	0	0	0	1	1	0	0	0	0	0	0	0	0	P1.27	B	11/14/20	28.53	Index Set A	7.97	11.41	2	TRUE	5,6,7,8	CD62UANXX	D00728	B	2020-12-22	24766	24767	NA	NA
inf189Cat1T5n1	ATGCGCAGGTAAGGAG	S505	N722	C	6	NA	2	C06	Feces	Sagori Mukhopadhyay	Preterm MB	SRC - [894591]	1	NA	inf189	NA	Human	formed	34	810	5	1	1	0	0	0	0	0	32	1420	1	9/11/2019	12:30	0	0	0	0	0	0	0	0	0	0	0	0	0	0	0	0	1	0	0	P2.43	A	11/16/20	7.74	Index Set B	9.27	11.41	2	TRUE	5,6,7,8	CD62UANXX	D00728	B	2020-12-22	24768	24769	NA	NA
inf196Cat1T1n1	TGCAGCTAGTAAGGAG	S505	N728	C	11	NA	2	C11	Feces	Sagori Mukhopadhyay	Preterm MB	SRC - [894615]	1	NA	inf196	inf194.inf195	Human	meconuim	5	109	1	1	1	0	0	0	0	0	28	905	1	10/9/2019	3:00	0	0	0	0	0	0	0	0	0	0	0	0	0	0	0	0	0	0	0	P2.83	D	11/16/20	0.73	Index Set B	5.45	11.41	2	TRUE	5,6,7,8	CD62UANXX	D00728	B	2020-12-22	24768	24769	NA	NA
inf180Cat3T4n1	ACTCGCTAGTAAGGAG	S505	N716	C	1	NA	2	C01	Feces	Sagori Mukhopadhyay	Preterm MB	SRC - [843919]	1	NA	inf180	NA	Human	formed	23	554	4	3	1	1	0	1	0	0	28	1395	1	6/24/2019	8:00	0	0	0	0	0	0	0	0	0	0	0	0	0	0	0	0	1	0	0	P2.3	C	11/16/20	28.92	Index Set B	9.05	11.41	2	TRUE	5,6,7,8	CD62UANXX	D00728	B	2020-12-22	24768	24769	NA	NA
inf175Cat3T3n1	AAGAGGCAACTGCATA	S506	N711	D	9	NA	1	D09	Feces	Sagori Mukhopadhyay	Preterm MB	SRC - [844035]	1	NA	inf175	NA	Human	formed	20	466	3	3	0	1	0.2	1	1	1	30	1025	1	5/1/2019	0:30	0	0	0	0	0	0	0	0	0	0	0	0	0	0	0	0	1	0	0	P1.68	E	11/14/20	0.88	Index Set A	6.96	11.41	2	TRUE	5,6,7,8	CD62UANXX	D00728	B	2020-12-22	24766	24767	NA	NA
inf168Cat3T6n1	AGGCAGAAACTGCATA	S506	N703	D	3	NA	1	D03	Feces	Sagori Mukhopadhyay	Preterm MB	SRC - [843995]	1	NA	inf168	inf167	Human	formed	38	917	6	3	1	1	4.1	1	0	1	29	1265	0	5/13/2019	8:45	0	0	0	0	0	0	0	0	0	0	0	0	0	0	0	0	1	0	0	P1.20	A	11/14/20	19.18	Index Set A	5.11	11.41	2	TRUE	5,6,7,8	CD62UANXX	D00728	B	2020-12-22	24766	24767	NA	NA
inf174Cat3T3n1	CGAGGCTGACTGCATA	S506	N710	D	8	NA	1	D08	Feces	Sagori Mukhopadhyay	Preterm MB	SRC - [807450]	1	NA	inf174	NA	Human	formed	20	468	3	3	0	1	11	1	0	1	27	895	0	4/30/2019	12:00	0	0	0	0	0	0	0	0	0	0	0	0	0	0	0	0	0	0	0	P1.60	E	11/14/20	16.67	Index Set A	5.88	11.41	2	TRUE	5,6,7,8	CD62UANXX	D00728	B	2020-12-22	24766	24767	NA	NA
Extractblankswab4	TACGCTGCACTGCATA	S506	N721	D	5	NA	2	D05	Blank swab	NA	NA	NA	NA	NA	NA	NA	NA	NA	NA	NA	NA	NA	NA	NA	NA	NA	NA	NA	NA	NA	NA	NA	NA	NA	NA	NA	NA	NA	NA	NA	NA	NA	NA	NA	NA	NA	NA	NA	NA	NA	NA	NA	P2.36	E	11/16/20	-0.02	Index Set B	0.01	11.41	2	TRUE	5,6,7,8	CD62UANXX	D00728	B	2020-12-22	24768	24769	NA	NA
inf195Cat1T2n1	CGATCAGTACTGCATA	S506	N727	D	10	NA	2	D10	Feces	Sagori Mukhopadhyay	Preterm MB	SRC - [894618]	1	NA	inf195	inf194.inf196	Human	formed	9	214	2	1	1	0	0	0	0	0	28	797	1	10/13/2019	12:00	0	0	0	0	0	0	0	0	0	0	0	0	0	0	0	0	0	0	0	P2.76	D	11/16/20	8.1	Index Set B	8.36	11.41	2	TRUE	5,6,7,8	CD62UANXX	D00728	B	2020-12-22	24768	24769	NA	NA
inf170Cat3T2n1	TCCTGAGCACTGCATA	S506	N704	D	4	NA	1	D04	Feces	Sagori Mukhopadhyay	Preterm MB	SRC - [807466]	1	NA	inf170	NA	Human	formed	8	204	2	3	1	1	0	1	0	0	27	1175	1	4/16/2019	23:55	0	1	0	0	0	0	0	0	0	1	0	0	0	0	0	0	0	0	0	P1.28	B	11/14/20	26.74	Index Set A	7.89	11.41	2	TRUE	5,6,7,8	CD62UANXX	D00728	B	2020-12-22	24766	24767	NA	NA
inf173Cat3T5n1	CTCTCTACACTGCATA	S506	N707	D	7	NA	1	D07	Feces	Sagori Mukhopadhyay	Preterm MB	SRC - [844018]	1	NA	inf173	NA	Human	formed	31	740	5	3	1	1	72	1	1	unk	27	940	1	5/6/2019	0:01	0	0	0	0	0	0	0	0	0	0	0	0	0	0	0	0	0	0	0	P1.52	D	11/14/20	3.45	Index Set A	6.16	11.41	2	TRUE	5,6,7,8	CD62UANXX	D00728	B	2020-12-22	24766	24767	NA	NA
inf164Cat3T8n1	TAAGGCGAACTGCATA	S506	N701	D	1	NA	1	D01	Feces	Sagori Mukhopadhyay	Preterm MB	SRC - [807460]	1	NA	inf164	NA	Human	formed	55	1318	8	3	1	1	0	1	1	1	26	685	1	4/22/2019	8:00	0	0	0	0	0	0	0	0	0	0	0	0	0	0	0	0	1	0	0	P1.4	E	11/14/20	24	Index Set A	9.14	11.41	2	TRUE	5,6,7,8	CD62UANXX	D00728	B	2020-12-22	24766	24767	NA	NA
inf172Cat3T4n1	TAGGCATGACTGCATA	S506	N706	D	6	NA	1	D06	Feces	Sagori Mukhopadhyay	Preterm MB	SRC - [807449]	1	NA	inf172	NA	Human	formed	26	630	4	3	1	1	0	1	0	1	26	1005	1	4/30/2019	12:00	0	0	0	0	0	0	0	0	0	0	0	0	0	0	0	0	0	0	0	P1.44	C	11/14/20	35.05	Index Set A	7.74	11.41	2	TRUE	5,6,7,8	CD62UANXX	D00728	B	2020-12-22	24766	24767	NA	NA
inf187Cat3T2n1	CGGAGCCTACTGCATA	S506	N720	D	4	NA	2	D04	Feces	Sagori Mukhopadhyay	Preterm MB	SRC - [894514]	1	NA	inf187	NA	Human	formed	9	206	2	3	0	1	57.6	1	0	1	30	1475	0	7/25/2019	3:00	0	1	0	0	0	0	0	0	0	1	1	0	0	0	0	0	1	0	0	P2.28	E	11/16/20	5.79	Index Set B	7.17	11.41	2	TRUE	5,6,7,8	CD62UANXX	D00728	B	2020-12-22	24768	24769	NA	NA
inf193Cat3T8n1	CCTAAGACACTGCATA	S506	N726	D	9	NA	2	D09	Feces	Sagori Mukhopadhyay	Preterm MB	SRC - [894679]	1	NA	inf193	NA	Human	formed	54	1300	8	3	0	1	0.1	1	1	0	31	1089	1	11/6/2019	9:00	0	0	0	0	0	0	0	0	0	0	0	0	0	0	0	0	1	0	0	P2.68	C	11/16/20	18.8	Index Set B	4.37	11.41	2	TRUE	5,6,7,8	CD62UANXX	D00728	B	2020-12-22	24768	24769	NA	NA
inf197Cat1T3n1	TCGACGTCACTGCATA	S506	N729	D	12	NA	2	D12	Feces	Sagori Mukhopadhyay	Preterm MB	SRC - [894649]	1	NA	inf197	NA	Human	formed	17	395	3	1	1	0	0	0	1	1	30	1340	0	10/28/2019	0:30	0	0	0	0	0	0	0	0	0	0	0	0	0	0	0	0	1	0	0	P2.92	E	11/16/20	20.04	Index Set B	9.16	11.41	2	TRUE	5,6,7,8	CD62UANXX	D00728	B	2020-12-22	24768	24769	NA	NA
inf179Cat1T3n1	ATCTCAGGACTGCATA	S506	N715	D	12	NA	1	D12	Feces	Sagori Mukhopadhyay	Preterm MB	SRC - [844046]	1	NA	inf179	NA	Human	formed	19	441	3	1	1	0	0	0	0	0	32	1310	0	6/3/2019	3:00	0	0	0	0	0	0	0	0	0	0	0	0	0	0	0	0	1	0	0	P1.92	B	11/16/20	29.52	Index Set A	6.1	11.41	2	TRUE	5,6,7,8	CD62UANXX	D00728	B	2020-12-22	24766	24767	NA	NA
inf181Cat3T6n1	GGAGCTACACTGCATA	S506	N718	D	2	NA	2	D02	Feces	Sagori Mukhopadhyay	Preterm MB	SRC - [843953]	1	NA	inf181	NA	Human	formed	42	998	6	3	1	1	9.4	1	0	0	31	1230	1	7/18/2019	9:30	0	0	0	0	0	0	0	0	0	0	0	0	0	0	0	0	1	0	0	P2.12	C	11/16/20	30.6	Index Set B	7.33	11.41	2	TRUE	5,6,7,8	CD62UANXX	D00728	B	2020-12-22	24768	24769	NA	NA
inf167Cat3T5n1	CGTACTAGACTGCATA	S506	N702	D	2	NA	1	D02	Feces	Sagori Mukhopadhyay	Preterm MB	SRC - [844022]	1	NA	inf167	inf168	Human	formed	31	744	5	3	0	1	4	1	0	1	29	1365	0	5/6/2019	3:30	0	0	0	0	0	0	0	0	0	0	0	0	0	0	0	0	1	0	0	P1.12	A	11/14/20	43.82	Index Set A	5.7	11.41	2	TRUE	5,6,7,8	CD62UANXX	D00728	B	2020-12-22	24766	24767	NA	NA
inf182Cat1T7n1	GCGTAGTAACTGCATA	S506	N719	D	3	NA	2	D03	Feces	Sagori Mukhopadhyay	Preterm MB	SRC - [894518]	1	NA	inf182	NA	Human	formed	44	1042	7	1	1	0	0	0	0	0	29	1155	0	7/26/2019	10:00	0	0	0	0	0	0	0	0	0	0	0	0	0	0	0	0	1	0	0	P2.20	D	11/16/20	7.32	Index Set B	9.78	11.41	2	TRUE	5,6,7,8	CD62UANXX	D00728	B	2020-12-22	24768	24769	NA	NA
Extractblankswab2	GGACTCCTACTGCATA	S506	N705	D	5	NA	1	D05	Blank swab	NA	NA	NA	NA	NA	NA	NA	NA	NA	NA	NA	NA	NA	NA	NA	NA	NA	NA	NA	NA	NA	NA	NA	NA	NA	NA	NA	NA	NA	NA	NA	NA	NA	NA	NA	NA	NA	NA	NA	NA	NA	NA	NA	P1.36	C	11/14/20	-0.01	Index Set A	0.02	11.41	2	TRUE	5,6,7,8	CD62UANXX	D00728	B	2020-12-22	24766	24767	NA	NA
inf192Cat1T8n1	ACTGAGCGACTGCATA	S506	N724	D	8	NA	2	D08	Feces	Sagori Mukhopadhyay	Preterm MB	SRC - [894620]	1	NA	inf192	NA	Human	formed	53	1264	8	1	1	0	0	0	1	0	27	505	1	10/14/2019	3:00	1	1	1	0	0	0	0	0	0	1	0	0	0	0	0	0	1	0	0	P2.60	B	11/16/20	14.11	Index Set B	9.3	11.41	2	TRUE	5,6,7,8	CD62UANXX	D00728	B	2020-12-22	24768	24769	NA	NA
inf191Cat2T2n1	TAGCGCTCACTGCATA	S506	N723	D	7	NA	2	D07	Feces	Sagori Mukhopadhyay	Preterm MB	SRC - [894575]	1	NA	inf191	NA	Human	formed	13	325	2	2	1	0	0	1	0	0	29	1385	0	8/30/2019	15:00	0	0	0	0	0	0	0	0	0	0	0	0	0	0	0	0	1	0	0	P2.52	B	11/16/20	13.47	Index Set B	7.52	11.41	2	TRUE	5,6,7,8	CD62UANXX	D00728	B	2020-12-22	24768	24769	NA	NA
inf196Cat1T2n1	TGCAGCTAACTGCATA	S506	N728	D	11	NA	2	D11	Feces	Sagori Mukhopadhyay	Preterm MB	SRC - [894619]	1	NA	inf196	inf194.inf195	Human	formed	10	235	2	1	1	0	0	0	0	0	28	905	1	10/14/2019	9:00	0	0	0	0	0	0	0	0	0	0	0	0	0	0	0	0	0	0	0	P2.84	D	11/16/20	9.6	Index Set B	7.92	11.41	2	TRUE	5,6,7,8	CD62UANXX	D00728	B	2020-12-22	24768	24769	NA	NA
inf189Cat1T6n1	ATGCGCAGACTGCATA	S506	N722	D	6	NA	2	D06	Feces	Sagori Mukhopadhyay	Preterm MB	SRC - [894595]	1	NA	inf189	NA	Human	formed	40	954	6	1	1	0	0	0	0	0	32	1420	1	9/17/2019	12:29	0	0	0	0	0	0	0	0	0	0	0	0	0	0	0	0	1	0	0	P2.44	A	11/16/20	2.58	Index Set B	9.33	11.41	2	TRUE	5,6,7,8	CD62UANXX	D00728	B	2020-12-22	24768	24769	NA	NA
inf177Cat3T6n1	GCTCATGAACTGCATA	S506	N714	D	11	NA	1	D11	Feces	Sagori Mukhopadhyay	Preterm MB	SRC - [844040]	1	NA	inf177	inf176	Human	formed	36	872	6	3	1	1	0	1	1	1	24	615	0	5/28/2019	21:00	0	0	0	0	0	0	0	0	0	0	0	0	0	0	0	0	0	0	0	P1.84	B	11/16/20	8.57	Index Set A	8.98	11.41	2	TRUE	5,6,7,8	CD62UANXX	D00728	B	2020-12-22	24766	24767	NA	NA
inf180Cat3T5n1	ACTCGCTAACTGCATA	S506	N716	D	1	NA	2	D01	Feces	Sagori Mukhopadhyay	Preterm MB	SRC - [843914]	1	NA	inf180	NA	Human	formed	30	714	5	3	1	1	0	1	0	0	28	1395	1	7/1/2019	0:01	0	0	0	0	0	0	0	0	0	0	0	0	0	0	0	0	1	0	0	P2.4	C	11/16/20	3.27	Index Set B	3.81	11.41	2	TRUE	5,6,7,8	CD62UANXX	D00728	B	2020-12-22	24768	24769	NA	NA
inf176Cat3T4n1	GTAGAGGAACTGCATA	S506	N712	D	10	NA	1	D10	Feces	Sagori Mukhopadhyay	Preterm MB	SRC - [844077]	1	NA	inf176	inf177	Human	formed	28	674	4	3	1	1	0	1	0	1	24	815	0	5/20/2019	15:00	0	0	0	0	0	0	0	0	0	0	0	0	0	0	0	0	0	0	0	P1.76	A	11/16/20	5.32	Index Set A	8.43	11.41	2	TRUE	5,6,7,8	CD62UANXX	D00728	B	2020-12-22	24766	24767	NA	NA
inf174Cat3T4n1	CGAGGCTGAAGGAGTA	S507	N710	E	8	NA	1	E08	Feces	Sagori Mukhopadhyay	Preterm MB	SRC - [844019]	1	NA	inf174	NA	Human	formed	26	606	4	3	0	1	11	1	0	1	27	895	0	5/6/2019	6:00	0	0	0	0	0	0	0	0	0	0	0	0	0	0	0	0	0	0	0	P1.61	E	11/14/20	15.6	Index Set A	7.21	11.41	2	TRUE	5,6,7,8	CD62UANXX	D00728	B	2020-12-22	24766	24767	NA	NA
inf169Cat3T1n1	AGGCAGAAAAGGAGTA	S507	N703	E	3	NA	1	E03	Feces	Sagori Mukhopadhyay	Preterm MB	SRC - [807490]	1	NA	inf169	NA	Human	formed	7	190	1	3	1	1	0	0	0	1	32	1450	0	4/10/2019	23:59	0	0	0	0	0	0	0	0	0	0	0	0	0	0	0	0	1	0	0	P1.21	B	11/14/20	10.36	Index Set A	8.9	11.41	2	TRUE	5,6,7,8	CD62UANXX	D00728	B	2020-12-22	24766	24767	NA	NA
Extractemptywell1	CTCTCTACAAGGAGTA	S507	N707	E	7	NA	1	E07	Empty well	NA	NA	NA	NA	NA	NA	NA	NA	NA	NA	NA	NA	NA	NA	NA	NA	NA	NA	NA	NA	NA	NA	NA	NA	NA	NA	NA	NA	NA	NA	NA	NA	NA	NA	NA	NA	NA	NA	NA	NA	NA	NA	NA	P1.53	D	11/14/20	-0.02	Index Set A	0.01	11.41	2	TRUE	5,6,7,8	CD62UANXX	D00728	B	2020-12-22	24766	24767	NA	NA
inf167Cat3T6n1	CGTACTAGAAGGAGTA	S507	N702	E	2	NA	1	E02	Feces	Sagori Mukhopadhyay	Preterm MB	SRC - [843992]	1	NA	inf167	inf168	Human	formed	39	940	6	3	0	1	4	1	0	1	29	1365	0	5/14/2019	7:30	0	0	0	0	0	0	0	0	0	0	0	0	0	0	0	0	1	0	0	P1.13	A	11/14/20	6.65	Index Set A	7.84	11.41	2	TRUE	5,6,7,8	CD62UANXX	D00728	B	2020-12-22	24766	24767	NA	NA
inf196Cat1T3n1	TGCAGCTAAAGGAGTA	S507	N728	E	11	NA	2	E11	Feces	Sagori Mukhopadhyay	Preterm MB	SRC - [894635]	1	NA	inf196	inf194.inf195	Human	formed	17	397	3	1	1	0	0	0	0	0	28	905	1	10/21/2019	3:00	0	0	0	0	0	0	0	0	0	0	0	0	0	0	0	0	0	0	0	P2.85	D	11/16/20	10.86	Index Set B	6.83	11.41	2	TRUE	5,6,7,8	CD62UANXX	D00728	B	2020-12-22	24768	24769	NA	NA
inf194Cat1T1n1	CCTAAGACAAGGAGTA	S507	N726	E	9	NA	2	E09	Feces	Sagori Mukhopadhyay	Preterm MB	SRC - [894613]	1	NA	inf194	inf195.inf196	Human	meconuim	5	109	1	1	1	0	0	0	1	0	28	1147	0	10/9/2019	3:00	0	0	0	0	0	0	0	0	0	0	0	0	0	0	0	0	0	0	0	P2.69	C	11/16/20	0.02	Index Set B	0.97	11.41	2	TRUE	5,6,7,8	CD62UANXX	D00728	B	2020-12-22	24768	24769	NA	NA
inf188Cat3T6n1	TACGCTGCAAGGAGTA	S507	N721	E	5	NA	2	E05	Feces	Sagori Mukhopadhyay	Preterm MB	SRC - [894580]	1	NA	inf188	NA	Human	formed	39	942	6	3	0	1	358	1	1	0	28	1335	0	9/3/2019	21:35	0	0	0	0	0	0	0	0	0	0	0	0	0	0	0	0	1	0	0	P2.37	E	11/16/20	62.2	Index Set B	7.26	11.41	2	TRUE	5,6,7,8	CD62UANXX	D00728	B	2020-12-22	24768	24769	NA	NA
inf165Cat3T8n1	TAAGGCGAAAGGAGTA	S507	N701	E	1	NA	1	E01	Feces	Sagori Mukhopadhyay	Preterm MB	SRC - [844080]	1	NA	inf165	NA	Human	formed	51	1234	8	3	1	1	177	1	1	1	24	550	1	5/20/2019	11:30	0	0	0	0	0	0	0	0	0	0	0	0	0	0	0	0	0	0	0	P1.5	E	11/14/20	4.61	Index Set A	8.3	11.41	2	TRUE	5,6,7,8	CD62UANXX	D00728	B	2020-12-22	24766	24767	NA	NA
inf187Cat3T3n1	CGGAGCCTAAGGAGTA	S507	N720	E	4	NA	2	E04	Feces	Sagori Mukhopadhyay	Preterm MB	SRC - [894531]	1	NA	inf187	NA	Human	formed	20	479	3	3	0	1	57.6	1	0	1	30	1475	0	8/5/2019	12:00	0	0	0	0	0	0	0	0	0	0	0	0	0	0	0	0	1	0	0	P2.29	E	11/16/20	37.07	Index Set B	3.12	11.41	2	TRUE	5,6,7,8	CD62UANXX	D00728	B	2020-12-22	24768	24769	NA	NA
inf172Cat3T5n1	TAGGCATGAAGGAGTA	S507	N706	E	6	NA	1	E06	Feces	Sagori Mukhopadhyay	Preterm MB	SRC - [844020]	1	NA	inf172	NA	Human	formed	32	762	5	3	1	1	0	1	0	1	26	1005	1	5/6/2019	0:01	0	0	0	0	0	0	0	0	0	0	0	0	0	0	0	0	0	0	0	P1.45	C	11/14/20	7.85	Index Set A	7.62	11.41	2	TRUE	5,6,7,8	CD62UANXX	D00728	B	2020-12-22	24766	24767	NA	NA
inf181Cat3T7n1	GGAGCTACAAGGAGTA	S507	N718	E	2	NA	2	E02	Feces	Sagori Mukhopadhyay	Preterm MB	SRC - [894511]	1	NA	inf181	NA	Human	formed	48	1148	7	3	1	1	9.4	1	0	0	31	1230	1	7/24/2019	15:30	0	0	0	0	0	0	0	0	0	0	0	0	0	0	0	0	1	0	0	P2.13	D	11/16/20	29.41	Index Set B	7.62	11.41	2	TRUE	5,6,7,8	CD62UANXX	D00728	B	2020-12-22	24768	24769	NA	NA
Extractemptywell3	TAGCGCTCAAGGAGTA	S507	N723	E	7	NA	2	E07	Empty well	NA	NA	NA	NA	NA	NA	NA	NA	NA	NA	NA	NA	NA	NA	NA	NA	NA	NA	NA	NA	NA	NA	NA	NA	NA	NA	NA	NA	NA	NA	NA	NA	NA	NA	NA	NA	NA	NA	NA	NA	NA	NA	NA	P2.53	B	11/16/20	-0.01	Index Set B	-0.01	11.41	2	TRUE	5,6,7,8	CD62UANXX	D00728	B	2020-12-22	24768	24769	NA	NA
inf189Cat1T7n1	ATGCGCAGAAGGAGTA	S507	N722	E	6	NA	2	E06	Feces	Sagori Mukhopadhyay	Preterm MB	SRC - [894601]	1	NA	inf189	NA	Human	formed	49	1173	7	1	1	0	0	0	0	0	32	1420	1	9/26/2019	15:50	0	0	0	0	0	0	0	0	0	0	0	0	0	0	0	0	1	0	0	P2.45	A	11/16/20	4.88	Index Set B	9.02	11.41	2	TRUE	5,6,7,8	CD62UANXX	D00728	B	2020-12-22	24768	24769	NA	NA
DNAfreewater4	TCGACGTCAAGGAGTA	S507	N729	E	12	NA	2	E12	DNA-free water	NA	NA	NA	NA	NA	NA	NA	NA	NA	NA	NA	NA	NA	NA	NA	NA	NA	NA	NA	NA	NA	NA	NA	NA	NA	NA	NA	NA	NA	NA	NA	NA	NA	NA	NA	NA	NA	NA	NA	NA	NA	NA	NA	NA	E	11/16/20	-0.02	Index Set B	-0.01	11.41	2	TRUE	5,6,7,8	CD62UANXX	D00728	B	2020-12-22	24768	24769	NA	NA
inf177Cat3T7n1	GCTCATGAAAGGAGTA	S507	N714	E	11	NA	1	E11	Feces	Sagori Mukhopadhyay	Preterm MB	SRC - [843961]	1	NA	inf177	inf176	Human	formed	45	1079	7	3	1	1	0	1	1	1	24	615	0	6/6/2019	12:10	0	0	0	0	0	0	0	0	0	0	0	0	0	0	0	0	0	0	0	P1.85	B	11/16/20	16.39	Index Set A	8.73	11.41	2	TRUE	5,6,7,8	CD62UANXX	D00728	B	2020-12-22	24766	24767	NA	NA
inf170Cat3T4n1	TCCTGAGCAAGGAGTA	S507	N704	E	4	NA	1	E04	Feces	Sagori Mukhopadhyay	Preterm MB	SRC - [807442]	1	NA	inf170	NA	Human	formed	22	525	4	3	1	1	0	1	0	0	27	1175	1	4/30/2019	9:00	0	0	0	0	0	0	0	0	0	0	0	0	0	0	0	0	0	0	0	P1.29	B	11/14/20	15.18	Index Set A	6.32	11.41	2	TRUE	5,6,7,8	CD62UANXX	D00728	B	2020-12-22	24766	24767	NA	NA
inf195Cat1T3n1	CGATCAGTAAGGAGTA	S507	N727	E	10	NA	2	E10	Feces	Sagori Mukhopadhyay	Preterm MB	SRC - [894634]	1	NA	inf195	inf194.inf196	Human	formed	17	400	3	1	1	0	0	0	0	0	28	797	1	10/21/2019	6:00	0	0	0	0	0	0	0	0	0	0	0	0	0	0	0	0	0	0	0	P2.77	D	11/16/20	6.14	Index Set B	7.84	11.41	2	TRUE	5,6,7,8	CD62UANXX	D00728	B	2020-12-22	24768	24769	NA	NA
inf193Cat3T2n1	ACTGAGCGAAGGAGTA	S507	N724	E	8	NA	2	E08	Feces	Sagori Mukhopadhyay	Preterm MB	SRC - [894600]	1	NA	inf193	NA	Human	transitional	10	256	2	3	0	1	0.1	1	1	0	31	1089	1	9/23/2019	21:00	0	1	0	0	0	0	0	0	0	1	1	0	0	0	0	0	0	0	0	P2.61	B	11/16/20	0.67	Index Set B	1.71	11.41	2	TRUE	5,6,7,8	CD62UANXX	D00728	B	2020-12-22	24768	24769	NA	NA
inf184Cat1T8n1	GCGTAGTAAAGGAGTA	S507	N719	E	3	NA	2	E03	Feces	Sagori Mukhopadhyay	Preterm MB	SRC - [894539]	1	NA	inf184	NA	Human	formed	52	1241	8	1	1	0	0	0	1	0	27	605	0	8/12/2019	8:30	0	0	0	0	0	0	0	0	0	0	0	0	0	0	0	0	1	0	0	P2.21	D	11/16/20	27.62	Index Set B	8.85	11.41	2	TRUE	5,6,7,8	CD62UANXX	D00728	B	2020-12-22	24768	24769	NA	NA
inf171Cat1T4n1	GGACTCCTAAGGAGTA	S507	N705	E	5	NA	1	E05	Feces	Sagori Mukhopadhyay	Preterm MB	SRC - [844012]	1	NA	inf171	NA	Human	formed	26	627	4	1	1	0	0	0	0	0	29	1335	0	5/6/2019	18:00	0	0	0	0	0	0	0	0	0	0	0	0	0	0	0	0	1	0	0	P1.37	C	11/14/20	14.53	Index Set A	7.05	11.41	2	TRUE	5,6,7,8	CD62UANXX	D00728	B	2020-12-22	24766	24767	NA	NA
DNAfreewater2	ATCTCAGGAAGGAGTA	S507	N715	E	12	NA	1	E12	DNA-free water	NA	NA	NA	NA	NA	NA	NA	NA	NA	NA	NA	NA	NA	NA	NA	NA	NA	NA	NA	NA	NA	NA	NA	NA	NA	NA	NA	NA	NA	NA	NA	NA	NA	NA	NA	NA	NA	NA	NA	NA	NA	NA	NA	NA	B	11/16/20	-0.04	Index Set A	0.01	11.41	2	TRUE	5,6,7,8	CD62UANXX	D00728	B	2020-12-22	24766	24767	NA	NA
inf175Cat3T4n1	AAGAGGCAAAGGAGTA	S507	N711	E	9	NA	1	E09	Feces	Sagori Mukhopadhyay	Preterm MB	SRC - [844009]	1	NA	inf175	NA	Human	formed	27	649	4	3	0	1	0.2	1	1	1	30	1025	1	5/8/2019	15:00	0	0	0	0	0	0	0	0	0	0	0	0	0	0	0	0	1	0	0	P1.69	E	11/14/20	4.43	Index Set A	6.32	11.41	2	TRUE	5,6,7,8	CD62UANXX	D00728	B	2020-12-22	24766	24767	NA	NA
inf176Cat3T6n1	GTAGAGGAAAGGAGTA	S507	N712	E	10	NA	1	E10	Feces	Sagori Mukhopadhyay	Preterm MB	SRC - [844063]	1	NA	inf176	inf177	Human	formed	36	860	6	3	1	1	0	1	0	1	24	815	0	5/28/2019	9:00	0	0	0	0	0	0	0	0	0	0	0	0	0	0	0	0	0	0	0	P1.77	A	11/16/20	5.63	Index Set A	7.34	11.41	2	TRUE	5,6,7,8	CD62UANXX	D00728	B	2020-12-22	24766	24767	NA	NA
inf180Cat3T6n1	ACTCGCTAAAGGAGTA	S507	N716	E	1	NA	2	E01	Feces	Sagori Mukhopadhyay	Preterm MB	SRC - [843935]	1	NA	inf180	NA	Human	formed	37	897	6	3	1	1	0	1	0	0	28	1395	1	7/8/2019	15:00	0	0	0	0	0	0	0	0	0	0	0	0	0	0	0	0	1	0	0	P2.5	C	11/16/20	13.1	Index Set B	7.41	11.41	2	TRUE	5,6,7,8	CD62UANXX	D00728	B	2020-12-22	24768	24769	NA	NA
inf179Cat1T4n1	ATCTCAGGCTAAGCCT	S508	N715	F	12	NA	1	F12	Feces	Sagori Mukhopadhyay	Preterm MB	SRC - [843969]	1	NA	inf179	NA	Human	formed	26	610	4	1	1	0	0	0	0	0	32	1310	0	6/10/2019	4:00	0	0	0	0	0	0	0	0	0	0	0	0	0	0	0	0	1	0	0	P1.94	B	11/16/20	6.22	Index Set A	3.94	11.41	2	TRUE	5,6,7,8	CD62UANXX	D00728	B	2020-12-22	24766	24767	NA	NA
inf196Cat1T4n1	TGCAGCTACTAAGCCT	S508	N728	F	11	NA	2	F11	Feces	Sagori Mukhopadhyay	Preterm MB	SRC - [894648]	1	NA	inf196	inf194.inf195	Human	formed	24	562	4	1	1	0	0	0	0	0	28	905	1	10/28/2019	0:01	0	0	0	0	0	0	0	0	0	0	0	0	0	0	0	0	0	0	0	P2.86	D	11/16/20	15.56	Index Set B	8.55	11.41	2	TRUE	5,6,7,8	CD62UANXX	D00728	B	2020-12-22	24768	24769	NA	NA
inf190Cat1T0n1	ATGCGCAGCTAAGCCT	S508	N722	F	6	NA	2	F06	Feces	Sagori Mukhopadhyay	Preterm MB	SRC - [894562]	1	NA	inf190	NA	Human	meconuim	1	25	0	1	1	0	0	0	1	0	32	1445	1	8/21/2019	21:00	0	0	0	0	0	0	0	0	0	0	0	0	0	0	0	0	0	0	0	P2.46	A	11/16/20	0.03	Index Set B	1.56	11.41	2	TRUE	5,6,7,8	CD62UANXX	D00728	B	2020-12-22	24768	24769	NA	NA
inf193Cat3T3n1	ACTGAGCGCTAAGCCT	S508	N724	F	8	NA	2	F08	Feces	Sagori Mukhopadhyay	Preterm MB	SRC - [894603]	1	NA	inf193	NA	Human	formed	17	418	3	3	0	1	0.1	1	1	0	31	1089	1	9/30/2019	14:30	0	1	0	0	0	0	0	0	0	0	1	1	0	0	0	0	0	0	0	P2.62	B	11/16/20	3.13	Index Set B	8.4	11.41	2	TRUE	5,6,7,8	CD62UANXX	D00728	B	2020-12-22	24768	24769	NA	NA
inf181Cat3T8n1	GGAGCTACCTAAGCCT	S508	N718	F	2	NA	2	F02	Feces	Sagori Mukhopadhyay	Preterm MB	SRC - [894529]	1	NA	inf181	NA	Human	formed	56	1340	8	3	1	1	9.4	1	0	0	31	1230	1	8/1/2019	15:00	0	0	0	0	0	0	0	0	0	0	0	0	0	0	0	0	1	0	0	P2.14	D	11/16/20	5.21	Index Set B	9	11.41	2	TRUE	5,6,7,8	CD62UANXX	D00728	B	2020-12-22	24768	24769	NA	NA
inf173Cat3T6n1	CTCTCTACCTAAGCCT	S508	N707	F	7	NA	1	F07	Feces	Sagori Mukhopadhyay	Preterm MB	SRC - [843996]	1	NA	inf173	NA	Human	formed	38	916	6	3	1	1	72	1	1	unk	27	940	1	5/13/2019	8:00	0	0	0	0	0	0	0	0	0	0	0	0	0	0	0	0	0	0	0	P1.54	D	11/14/20	5.02	Index Set A	6.61	11.41	2	TRUE	5,6,7,8	CD62UANXX	D00728	B	2020-12-22	24766	24767	NA	NA
inf175Cat3T5n1	AAGAGGCACTAAGCCT	S508	N711	F	9	NA	1	F09	Feces	Sagori Mukhopadhyay	Preterm MB	SRC - [844084]	1	NA	inf175	NA	Human	formed	34	814	5	3	0	1	0.2	1	1	1	30	1025	1	5/15/2019	12:00	0	0	0	0	0	0	0	0	0	0	0	0	0	0	0	0	1	0	0	P1.70	E	11/14/20	15.33	Index Set A	4.79	11.41	2	TRUE	5,6,7,8	CD62UANXX	D00728	B	2020-12-22	24766	24767	NA	NA
inf169Cat3T3n1	AGGCAGAACTAAGCCT	S508	N703	F	3	NA	1	F03	Feces	Sagori Mukhopadhyay	Preterm MB	SRC - [807462]	1	NA	inf169	NA	Human	formed	19	463	3	3	1	1	0	0	0	1	32	1450	0	4/22/2019	9:00	0	0	0	0	0	0	0	0	0	0	0	0	0	0	0	0	1	0	0	P1.22	B	11/14/20	10.72	Index Set A	6.5	11.41	2	TRUE	5,6,7,8	CD62UANXX	D00728	B	2020-12-22	24766	24767	NA	NA
inf176Cat3T7n1	GTAGAGGACTAAGCCT	S508	N712	F	10	NA	1	F10	Feces	Sagori Mukhopadhyay	Preterm MB	SRC - [843972]	1	NA	inf176	inf177	Human	formed	49	1175	7	3	1	1	0	1	0	1	24	815	0	6/10/2019	12:00	0	0	0	0	0	0	0	0	0	0	0	0	0	0	0	0	0	0	0	P1.78	A	11/16/20	4.79	Index Set A	6.77	11.41	2	TRUE	5,6,7,8	CD62UANXX	D00728	B	2020-12-22	24766	24767	NA	NA
inf188Cat3T7n1	TACGCTGCCTAAGCCT	S508	N721	F	5	NA	2	F05	Feces	Sagori Mukhopadhyay	Preterm MB	SRC - [894590]	1	NA	inf188	NA	Human	formed	45	1080	7	3	0	1	358	1	1	0	28	1335	0	9/9/2019	15:00	0	0	0	0	0	0	0	0	0	0	0	0	0	0	0	0	1	0	0	P2.38	E	11/16/20	44	Index Set B	6.99	11.41	2	TRUE	5,6,7,8	CD62UANXX	D00728	B	2020-12-22	24768	24769	NA	NA
inf191Cat2T3n1	TAGCGCTCCTAAGCCT	S508	N723	F	7	NA	2	F07	Feces	Sagori Mukhopadhyay	Preterm MB	SRC - [894579]	1	NA	inf191	NA	Human	formed	17	424	3	2	1	0	0	1	0	0	29	1385	0	9/3/2019	18:00	0	0	0	0	0	0	0	0	0	0	0	0	0	0	0	0	1	0	0	P2.54	B	11/16/20	8.65	Index Set B	6.39	11.41	2	TRUE	5,6,7,8	CD62UANXX	D00728	B	2020-12-22	24768	24769	NA	NA
inf180Cat3T7n1	ACTCGCTACTAAGCCT	S508	N716	F	1	NA	2	F01	Feces	Sagori Mukhopadhyay	Preterm MB	SRC - [843952]	1	NA	inf180	NA	Human	formed	45	1087	7	3	1	1	0	1	0	0	28	1395	1	7/16/2019	13:30	0	0	0	0	0	0	0	0	0	0	0	0	0	0	0	0	1	0	0	P2.6	C	11/16/20	2.31	Index Set B	7.15	11.41	2	TRUE	5,6,7,8	CD62UANXX	D00728	B	2020-12-22	24768	24769	NA	NA
inf197Cat1T4n1	TCGACGTCCTAAGCCT	S508	N729	F	12	NA	2	F12	Feces	Sagori Mukhopadhyay	Preterm MB	SRC - [894671]	1	NA	inf197	NA	Human	formed	24	572	4	1	1	0	0	0	1	1	30	1340	0	11/4/2019	9:00	0	0	0	0	0	0	0	0	0	0	0	0	0	0	0	0	1	0	0	P2.94	E	11/16/20	8.14	Index Set B	8.01	11.41	2	TRUE	5,6,7,8	CD62UANXX	D00728	B	2020-12-22	24768	24769	NA	NA
inf172Cat3T6n1	TAGGCATGCTAAGCCT	S508	N706	F	6	NA	1	F06	Feces	Sagori Mukhopadhyay	Preterm MB	SRC - [844085]	1	NA	inf172	NA	Human	formed	39	948	6	3	1	1	0	1	0	1	26	1005	1	5/13/2019	18:00	0	0	0	0	0	0	0	0	0	0	0	0	0	0	0	0	0	0	0	P1.46	C	11/14/20	26.79	Index Set A	7.46	11.41	2	TRUE	5,6,7,8	CD62UANXX	D00728	B	2020-12-22	24766	24767	NA	NA
inf168Cat3T0n1	CGTACTAGCTAAGCCT	S508	N702	F	2	NA	1	F02	Feces	Sagori Mukhopadhyay	Preterm MB	SRC - [807498]	1	NA	inf168	inf167	Human	meconuim	3	83	0	3	1	1	4.1	1	0	1	29	1265	0	4/8/2019	15:00	0	1	0	0	0	0	0	0	0	1	1	0	0	0	0	0	0	0	0	P1.14	A	11/14/20	0.22	Index Set A	2.37	11.41	2	TRUE	5,6,7,8	CD62UANXX	D00728	B	2020-12-22	24766	24767	NA	NA
inf195Cat1T4n1	CGATCAGTCTAAGCCT	S508	N727	F	10	NA	2	F10	Feces	Sagori Mukhopadhyay	Preterm MB	SRC - [894647]	1	NA	inf195	inf194.inf196	Human	formed	24	571	4	1	1	0	0	0	0	0	28	797	1	10/28/2019	9:00	0	0	0	0	0	0	0	0	0	0	0	0	0	0	0	0	0	0	0	P2.78	D	11/16/20	3.64	Index Set B	5.12	11.41	2	TRUE	5,6,7,8	CD62UANXX	D00728	B	2020-12-22	24768	24769	NA	NA
inf171Cat1T5n1	GGACTCCTCTAAGCCT	S508	N705	F	5	NA	1	F05	Feces	Sagori Mukhopadhyay	Preterm MB	SRC - [843999]	1	NA	inf171	NA	Human	formed	33	789	5	1	1	0	0	0	0	0	29	1335	0	5/13/2019	11:30	0	0	0	0	0	0	0	0	0	0	0	0	0	0	0	0	1	0	0	P1.38	C	11/14/20	1.39	Index Set A	6.47	11.41	2	TRUE	5,6,7,8	CD62UANXX	D00728	B	2020-12-22	24766	24767	NA	NA
inf167Cat3T0n1	TAAGGCGACTAAGCCT	S508	N701	F	1	NA	1	F01	Feces	Sagori Mukhopadhyay	Preterm MB	SRC - [807497]	1	NA	inf167	inf168	Human	meconuim	3	76	0	3	0	1	4	1	0	1	29	1365	0	4/8/2019	8:00	0	1	0	0	0	0	0	0	0	1	1	0	0	0	0	0	0	0	0	P1.6	E	11/14/20	0.04	Index Set A	0.57	11.41	2	TRUE	5,6,7,8	CD62UANXX	D00728	B	2020-12-22	24766	24767	NA	NA
inf170Cat3T5n1	TCCTGAGCCTAAGCCT	S508	N704	F	4	NA	1	F04	Feces	Sagori Mukhopadhyay	Preterm MB	SRC - [844003]	1	NA	inf170	NA	Human	formed	32	768	5	3	1	1	0	1	0	0	27	1175	1	5/10/2019	12:00	0	0	0	0	0	0	0	0	0	0	0	0	0	0	0	0	0	0	0	P1.30	B	11/14/20	36.24	Index Set A	6.65	11.41	2	TRUE	5,6,7,8	CD62UANXX	D00728	B	2020-12-22	24766	24767	NA	NA
inf187Cat3T4n1	CGGAGCCTCTAAGCCT	S508	N720	F	4	NA	2	F04	Feces	Sagori Mukhopadhyay	Preterm MB	SRC - [894540]	1	NA	inf187	NA	Human	formed	27	647	4	3	0	1	57.6	1	0	1	30	1475	0	8/12/2019	12:00	0	0	0	0	0	0	0	0	0	0	0	0	0	0	0	0	1	0	0	P2.30	E	11/16/20	25.88	Index Set B	6.47	11.41	2	TRUE	5,6,7,8	CD62UANXX	D00728	B	2020-12-22	24768	24769	NA	NA
inf185Cat1T1n1	GCGTAGTACTAAGCCT	S508	N719	F	3	NA	2	F03	Feces	Sagori Mukhopadhyay	Preterm MB	SRC - [843956]	1	NA	inf185	NA	Human	meconuim	4	80	1	1	1	0	0	0	0	0	32	1380	0	7/15/2019	6:15	0	0	0	0	0	0	0	0	0	0	0	0	0	0	0	0	0	0	0	P2.22	D	11/16/20	0.02	Index Set B	2.25	11.41	2	TRUE	5,6,7,8	CD62UANXX	D00728	B	2020-12-22	24768	24769	NA	NA
inf194Cat1T3n1	CCTAAGACCTAAGCCT	S508	N726	F	9	NA	2	F09	Feces	Sagori Mukhopadhyay	Preterm MB	SRC - [894633]	1	NA	inf194	inf195.inf196	Human	formed	17	406	3	1	1	0	0	0	1	0	28	1147	0	10/21/2019	12:00	0	0	0	0	0	0	0	0	0	0	0	0	0	0	0	0	0	0	0	P2.70	C	11/16/20	12.89	Index Set B	3.04	11.41	2	TRUE	5,6,7,8	CD62UANXX	D00728	B	2020-12-22	24768	24769	NA	NA
inf174Cat3T5n1	CGAGGCTGCTAAGCCT	S508	N710	F	8	NA	1	F08	Feces	Sagori Mukhopadhyay	Preterm MB	SRC - [844002]	1	NA	inf174	NA	Human	formed	33	783	5	3	0	1	11	1	0	1	27	895	0	5/13/2019	15:00	0	0	0	0	0	0	0	0	0	0	0	0	0	0	0	0	0	0	0	P1.62	E	11/14/20	29.36	Index Set A	7.05	11.41	2	TRUE	5,6,7,8	CD62UANXX	D00728	B	2020-12-22	24766	24767	NA	NA
inf177Cat3T8n1	GCTCATGACTAAGCCT	S508	N714	F	11	NA	1	F11	Feces	Sagori Mukhopadhyay	Preterm MB	SRC - [843890]	1	NA	inf177	inf176	Human	formed	56	1349	8	3	1	1	0	1	1	1	24	615	0	6/17/2019	18:00	0	0	0	0	0	0	0	0	0	0	0	0	0	0	0	0	0	0	0	P1.86	B	11/16/20	11.85	Index Set A	7.49	11.41	2	TRUE	5,6,7,8	CD62UANXX	D00728	B	2020-12-22	24766	24767	NA	NA
inf182Cat1T1n1	GGAGCTACCGTCTAAT	S510	N718	G	2	NA	2	G02	Feces	Sagori Mukhopadhyay	Preterm MB	SRC - [843891]	1	NA	inf182	NA	Human	meconuim	5	114	1	1	1	0	0	0	0	0	29	1155	0	6/17/2019	18:00	0	0	0	0	0	0	0	0	0	0	0	0	0	0	0	0	0	0	0	P2.15	D	11/16/20	0.87	Index Set B	1.83	11.41	2	TRUE	5,6,7,8	CD62UANXX	D00728	B	2020-12-22	24768	24769	NA	NA
inf191Cat2T4n1	TAGCGCTCCGTCTAAT	S510	N723	G	7	NA	2	G07	Feces	Sagori Mukhopadhyay	Preterm MB	SRC - [894587]	1	NA	inf191	NA	Human	formed	23	562	4	2	1	0	0	1	0	0	29	1385	0	9/9/2019	12:00	0	0	0	0	0	0	0	0	0	0	0	0	0	0	0	0	1	0	0	P2.55	B	11/16/20	7.17	Index Set B	6.38	11.41	2	TRUE	5,6,7,8	CD62UANXX	D00728	B	2020-12-22	24768	24769	NA	NA
inf176Cat3T8n1	GTAGAGGACGTCTAAT	S510	N712	G	10	NA	1	G10	Feces	Sagori Mukhopadhyay	Preterm MB	SRC - [843987]	1	NA	inf176	inf177	Human	formed	56	1331	8	3	1	1	0	1	0	1	24	815	0	6/17/2019	0:05	0	0	0	0	0	0	0	0	0	0	0	0	0	0	0	0	0	0	0	P1.79	A	11/16/20	25.65	Index Set A	7.26	11.41	2	TRUE	5,6,7,8	CD62UANXX	D00728	B	2020-12-22	24766	24767	NA	NA
inf173Cat3T7n1	CTCTCTACCGTCTAAT	S510	N707	G	7	NA	1	G07	Feces	Sagori Mukhopadhyay	Preterm MB	SRC - [844071]	1	NA	inf173	NA	Human	formed	47	1139	7	3	1	1	72	1	1	unk	27	940	1	5/22/2019	15:00	0	0	0	0	0	0	0	0	0	0	0	0	0	0	0	0	1	0	0	P1.55	D	11/14/20	17.8	Index Set A	7.91	11.41	2	TRUE	5,6,7,8	CD62UANXX	D00728	B	2020-12-22	24766	24767	NA	NA
inf180Cat3T0n1	ATCTCAGGCGTCTAAT	S510	N715	G	12	NA	1	G12	Feces	Sagori Mukhopadhyay	Preterm MB	SRC - [843958]	1	NA	inf180	NA	Human	meconuim	3	77	0	3	1	1	0	1	0	0	28	1395	1	6/4/2019	11:45	0	1	0	0	0	0	0	0	0	1	1	0	0	0	0	0	0	0	0	P1.95	B	11/16/20	0.1	Index Set A	4.63	11.41	2	TRUE	5,6,7,8	CD62UANXX	D00728	B	2020-12-22	24766	24767	NA	NA
inf195Cat1T5n1	CGATCAGTCGTCTAAT	S510	N727	G	10	NA	2	G10	Feces	Sagori Mukhopadhyay	Preterm MB	SRC - [894664]	1	NA	inf195	inf194.inf196	Human	formed	31	730	5	1	1	0	0	0	0	0	28	797	1	11/4/2019	0:01	0	0	0	0	0	0	0	0	0	0	0	0	0	0	0	0	0	0	0	P2.79	D	11/16/20	11.9	Index Set B	5.62	11.41	2	TRUE	5,6,7,8	CD62UANXX	D00728	B	2020-12-22	24768	24769	NA	NA
mockdna1	AGGCAGAACGTCTAAT	S510	N703	G	3	NA	1	G03	Mock DNA	NA	NA	NA	NA	NA	NA	NA	NA	NA	NA	NA	NA	NA	NA	NA	NA	NA	NA	NA	NA	NA	NA	NA	NA	NA	NA	NA	NA	NA	NA	NA	NA	NA	NA	NA	NA	NA	NA	NA	NA	NA	NA	NA	NA	B	11/14/20	-0.02	Index Set A	8.38	11.41	2	TRUE	5,6,7,8	CD62UANXX	D00728	B	2020-12-22	24766	24767	NA	NA
inf168Cat3T1n1	CGTACTAGCGTCTAAT	S510	N702	G	2	NA	1	G02	Feces	Sagori Mukhopadhyay	Preterm MB	SRC - [807479]	1	NA	inf168	inf167	Human	transitional	7	185	1	3	1	1	4.1	1	0	1	29	1265	0	4/12/2019	20:45	0	1	0	0	0	0	0	0	0	1	0	0	0	0	0	0	1	0	0	P1.15	A	11/14/20	1.01	Index Set A	6.16	11.41	2	TRUE	5,6,7,8	CD62UANXX	D00728	B	2020-12-22	24766	24767	NA	NA
inf197Cat1T5n1	TCGACGTCCGTCTAAT	S510	N729	G	12	NA	2	G12	Feces	Sagori Mukhopadhyay	Preterm MB	SRC - [894688]	1	NA	inf197	NA	Human	formed	31	743	5	1	1	0	0	0	1	1	30	1340	0	11/11/2019	12:00	0	0	0	0	0	0	0	0	0	0	0	0	0	0	0	0	1	0	0	P2.95	E	11/16/20	14.63	Index Set B	9.29	11.41	2	TRUE	5,6,7,8	CD62UANXX	D00728	B	2020-12-22	24768	24769	NA	NA
inf189Cat1T1n1	TACGCTGCCGTCTAAT	S510	N721	G	5	NA	2	G05	Feces	Sagori Mukhopadhyay	Preterm MB	SRC - [894544]	1	NA	inf189	NA	Human	transitional	5	123	1	1	1	0	0	0	0	0	32	1420	1	8/13/2019	21:30	0	0	0	0	0	0	0	0	0	0	0	0	0	0	0	0	1	0	0	P2.39	A	11/16/20	1.63	Index Set B	6.54	11.41	2	TRUE	5,6,7,8	CD62UANXX	D00728	B	2020-12-22	24768	24769	NA	NA
inf193Cat3T4n1	ACTGAGCGCGTCTAAT	S510	N724	G	8	NA	2	G08	Feces	Sagori Mukhopadhyay	Preterm MB	SRC - [894610]	1	NA	inf193	NA	Human	formed	24	592	4	3	0	1	0.1	1	1	0	31	1089	1	10/7/2019	21:00	0	0	0	0	0	0	0	0	0	0	0	0	0	0	0	0	1	0	0	P2.63	C	11/16/20	9.49	Index Set B	9.71	11.41	2	TRUE	5,6,7,8	CD62UANXX	D00728	B	2020-12-22	24768	24769	NA	NA
inf175Cat3T6n1	AAGAGGCACGTCTAAT	S510	N711	G	9	NA	1	G09	Feces	Sagori Mukhopadhyay	Preterm MB	SRC - [844075]	1	NA	inf175	NA	Human	formed	39	944	6	3	0	1	0.2	1	1	1	30	1025	1	5/20/2019	22:15	0	0	0	0	0	0	0	0	0	0	0	0	0	0	0	0	1	0	0	P1.71	E	11/14/20	9.69	Index Set A	3.6	11.41	2	TRUE	5,6,7,8	CD62UANXX	D00728	B	2020-12-22	24766	24767	NA	NA
Extractblankswab1	TAAGGCGACGTCTAAT	S510	N701	G	1	NA	1	G01	Blank swab	NA	NA	NA	NA	NA	NA	NA	NA	NA	NA	NA	NA	NA	NA	NA	NA	NA	NA	NA	NA	NA	NA	NA	NA	NA	NA	NA	NA	NA	NA	NA	NA	NA	NA	NA	NA	NA	NA	NA	NA	NA	NA	NA	P1.7	E	11/14/20	0.01	Index Set A	0.02	11.41	2	TRUE	5,6,7,8	CD62UANXX	D00728	B	2020-12-22	24766	24767	NA	NA
inf174Cat3T6n1	CGAGGCTGCGTCTAAT	S510	N710	G	8	NA	1	G08	Feces	Sagori Mukhopadhyay	Preterm MB	SRC - [844082]	1	NA	inf174	NA	Human	formed	40	951	6	3	0	1	11	1	0	1	27	895	0	5/20/2019	15:00	0	0	0	0	0	0	0	0	0	0	0	0	0	0	0	0	0	0	0	P1.63	E	11/14/20	108.64	Index Set A	5.48	11.41	2	TRUE	5,6,7,8	CD62UANXX	D00728	B	2020-12-22	24766	24767	NA	NA
mockdna3	GCGTAGTACGTCTAAT	S510	N719	G	3	NA	2	G03	Mock DNA	NA	NA	NA	NA	NA	NA	NA	NA	NA	NA	NA	NA	NA	NA	NA	NA	NA	NA	NA	NA	NA	NA	NA	NA	NA	NA	NA	NA	NA	NA	NA	NA	NA	NA	NA	NA	NA	NA	NA	NA	NA	NA	NA	NA	D	11/16/20	0	Index Set B	7.81	11.41	2	TRUE	5,6,7,8	CD62UANXX	D00728	B	2020-12-22	24768	24769	NA	NA
inf171Cat1T6n1	GGACTCCTCGTCTAAT	S510	N705	G	5	NA	1	G05	Feces	Sagori Mukhopadhyay	Preterm MB	SRC - [844079]	1	NA	inf171	NA	Human	formed	40	957	6	1	1	0	0	0	0	0	29	1335	0	5/20/2019	11:45	0	0	0	0	0	0	0	0	0	0	0	0	0	0	0	0	1	0	0	P1.39	C	11/14/20	1.22	Index Set A	5.61	11.41	2	TRUE	5,6,7,8	CD62UANXX	D00728	B	2020-12-22	24766	24767	NA	NA
inf196Cat1T5n1	TGCAGCTACGTCTAAT	S510	N728	G	11	NA	2	G11	Feces	Sagori Mukhopadhyay	Preterm MB	SRC - [894672]	1	NA	inf196	inf194.inf195	Human	formed	32	758	5	1	1	0	0	0	0	0	28	905	1	11/5/2019	4:00	0	0	0	0	0	0	0	0	0	0	0	0	0	0	0	0	0	0	0	P2.87	D	11/16/20	7.93	Index Set B	7.92	11.41	2	TRUE	5,6,7,8	CD62UANXX	D00728	B	2020-12-22	24768	24769	NA	NA
inf187Cat3T6n1	CGGAGCCTCGTCTAAT	S510	N720	G	4	NA	2	G04	Feces	Sagori Mukhopadhyay	Preterm MB	SRC - [894556]	1	NA	inf187	NA	Human	formed	36	854	6	3	0	1	57.6	1	0	1	30	1475	0	8/21/2019	3:30	0	0	0	0	0	0	0	0	0	0	0	0	0	0	0	0	1	0	0	P2.31	E	11/16/20	51.55	Index Set B	4.06	11.41	2	TRUE	5,6,7,8	CD62UANXX	D00728	B	2020-12-22	24768	24769	NA	NA
inf170Cat3T6n1	TCCTGAGCCGTCTAAT	S510	N704	G	4	NA	1	G04	Feces	Sagori Mukhopadhyay	Preterm MB	SRC - [844078]	1	NA	inf170	NA	Human	formed	42	1011	6	3	1	1	0	1	0	0	27	1175	1	5/20/2019	15:00	0	0	0	0	0	0	0	0	0	0	0	0	0	0	0	0	1	0	0	P1.31	B	11/14/20	7.33	Index Set A	8.02	11.41	2	TRUE	5,6,7,8	CD62UANXX	D00728	B	2020-12-22	24766	24767	NA	NA
inf190Cat1T1n1	ATGCGCAGCGTCTAAT	S510	N722	G	6	NA	2	G06	Feces	Sagori Mukhopadhyay	Preterm MB	SRC - [894564]	1	NA	inf190	NA	Human	formed	7	160	1	1	1	0	0	0	1	0	32	1445	1	8/27/2019	12:00	0	0	0	0	0	0	0	0	0	0	0	0	0	0	0	0	1	0	0	P2.47	A	11/16/20	0.15	Index Set B	4.55	11.41	2	TRUE	5,6,7,8	CD62UANXX	D00728	B	2020-12-22	24768	24769	NA	NA
inf172Cat3T7n1	TAGGCATGCGTCTAAT	S510	N706	G	6	NA	1	G06	Feces	Sagori Mukhopadhyay	Preterm MB	SRC - [844081]	1	NA	inf172	NA	Human	formed	46	1098	7	3	1	1	0	1	0	1	26	1005	1	5/20/2019	0:05	0	0	0	0	0	0	0	0	0	0	0	0	0	0	0	0	0	0	0	P1.47	D	11/14/20	10.64	Index Set A	6.79	11.41	2	TRUE	5,6,7,8	CD62UANXX	D00728	B	2020-12-22	24766	24767	NA	NA
inf194Cat1T4n1	CCTAAGACCGTCTAAT	S510	N726	G	9	NA	2	G09	Feces	Sagori Mukhopadhyay	Preterm MB	SRC - [894646]	1	NA	inf194	inf195.inf196	Human	formed	24	562	4	1	1	0	0	0	1	0	28	1147	0	10/28/2019	0:15	0	0	0	0	0	0	0	0	0	0	0	0	0	0	0	0	0	0	0	P2.71	C	11/16/20	4.97	Index Set B	5.27	11.41	2	TRUE	5,6,7,8	CD62UANXX	D00728	B	2020-12-22	24768	24769	NA	NA
inf178Cat3T1n1	GCTCATGACGTCTAAT	S510	N714	G	11	NA	1	G11	Feces	Sagori Mukhopadhyay	Preterm MB	SRC - [844068]	1	NA	inf178	NA	Human	formed	7	172	1	3	0	1	339.3	1	0	0	28	1480	1	5/23/2019	21:00	0	1	0	0	0	0	0	0	0	1	0	0	0	0	0	0	0	0	0	P1.87	B	11/16/20	23.5	Index Set A	8.63	11.41	2	TRUE	5,6,7,8	CD62UANXX	D00728	B	2020-12-22	24766	24767	NA	NA
Extractblankswab3	ACTCGCTACGTCTAAT	S510	N716	G	1	NA	2	G01	Blank swab	NA	NA	NA	NA	NA	NA	NA	NA	NA	NA	NA	NA	NA	NA	NA	NA	NA	NA	NA	NA	NA	NA	NA	NA	NA	NA	NA	NA	NA	NA	NA	NA	NA	NA	NA	NA	NA	NA	NA	NA	NA	NA	NA	P2.7	C	11/16/20	0.01	Index Set B	0.03	11.41	2	TRUE	5,6,7,8	CD62UANXX	D00728	B	2020-12-22	24768	24769	NA	NA
inf182Cat1T2n1	GGAGCTACTCTCTCCG	S511	N718	H	2	NA	2	H02	Feces	Sagori Mukhopadhyay	Preterm MB	SRC - [843908]	1	NA	inf182	NA	Human	formed	14	315	2	1	1	0	0	0	0	0	29	1155	0	6/26/2019	3:00	0	0	0	0	0	0	0	0	0	0	0	0	0	0	0	0	1	0	0	P2.16	D	11/16/20	15.5	Index Set B	8.76	11.41	2	TRUE	5,6,7,8	CD62UANXX	D00728	B	2020-12-22	24768	24769	NA	NA
inf173Cat3T8n1	CTCTCTACTCTCTCCG	S511	N707	H	7	NA	1	H07	Feces	Sagori Mukhopadhyay	Preterm MB	SRC - [844041]	1	NA	inf173	NA	Human	formed	53	1289	8	3	1	1	72	1	1	unk	27	940	1	5/28/2019	21:00	0	0	0	0	0	0	0	0	0	0	0	0	0	0	0	0	1	0	0	P1.56	D	11/14/20	26.11	Index Set A	8.36	11.41	2	TRUE	5,6,7,8	CD62UANXX	D00728	B	2020-12-22	24766	24767	NA	NA
inf196Cat1T6n1	TGCAGCTATCTCTCCG	S511	N728	H	11	NA	2	H11	Feces	Sagori Mukhopadhyay	Preterm MB	SRC - [894684]	1	NA	inf196	inf194.inf195	Human	formed	38	909	6	1	1	0	0	0	0	0	28	905	1	11/11/2019	11:30	0	0	0	0	0	0	0	0	0	0	0	0	0	0	0	0	1	0	0	P2.88	E	11/16/20	4.53	Index Set B	7.39	11.41	2	TRUE	5,6,7,8	CD62UANXX	D00728	B	2020-12-22	24768	24769	NA	NA
inf168Cat3T2n1	CGTACTAGTCTCTCCG	S511	N702	H	2	NA	1	H02	Feces	Sagori Mukhopadhyay	Preterm MB	SRC - [807477]	1	NA	inf168	inf167	Human	transitional	9	227	2	3	1	1	4.1	1	0	1	29	1265	0	4/14/2019	15:00	0	0	0	0	0	0	0	0	0	0	0	0	0	0	0	0	1	0	0	P1.16	A	11/14/20	0.5	Index Set A	5.78	11.41	2	TRUE	5,6,7,8	CD62UANXX	D00728	B	2020-12-22	24766	24767	NA	NA
Extractemptywell4	CGATCAGTTCTCTCCG	S511	N727	H	10	NA	2	H10	Empty well	NA	NA	NA	NA	NA	NA	NA	NA	NA	NA	NA	NA	NA	NA	NA	NA	NA	NA	NA	NA	NA	NA	NA	NA	NA	NA	NA	NA	NA	NA	NA	NA	NA	NA	NA	NA	NA	NA	NA	NA	NA	NA	NA	P2.80	D	11/16/20	-0.01	Index Set B	0.01	11.41	2	TRUE	5,6,7,8	CD62UANXX	D00728	B	2020-12-22	24768	24769	NA	NA
inf170Cat3T8n1	TCCTGAGCTCTCTCCG	S511	N704	H	4	NA	1	H04	Feces	Sagori Mukhopadhyay	Preterm MB	SRC - [844042]	1	NA	inf170	NA	Human	formed	51	1224	8	3	1	1	0	1	0	0	27	1175	1	5/29/2019	12:00	0	0	0	0	0	0	0	0	0	0	0	0	0	0	0	0	1	0	0	P1.32	B	11/14/20	17.14	Index Set A	6.57	11.41	2	TRUE	5,6,7,8	CD62UANXX	D00728	B	2020-12-22	24766	24767	NA	NA
inf197Cat1T6n1	TCGACGTCTCTCTCCG	S511	N729	H	12	NA	2	H12	Feces	Sagori Mukhopadhyay	Preterm MB	SRC - [894694]	1	NA	inf197	NA	Human	formed	38	908	6	1	1	0	0	0	1	1	30	1340	0	11/18/2019	9:30	0	0	0	0	0	0	0	0	0	0	0	0	0	0	0	0	1	0	0	P2.96	E	11/16/20	8.86	Index Set B	8.26	11.41	2	TRUE	5,6,7,8	CD62UANXX	D00728	B	2020-12-22	24768	24769	NA	NA
inf191Cat2T5n1	TAGCGCTCTCTCTCCG	S511	N723	H	7	NA	2	H07	Feces	Sagori Mukhopadhyay	Preterm MB	SRC - [894593]	1	NA	inf191	NA	Human	formed	30	726	5	2	1	0	0	1	0	0	29	1385	0	9/16/2019	8:30	0	0	0	0	0	0	0	0	0	0	0	0	0	0	0	0	1	0	0	P2.56	B	11/16/20	2.47	Index Set B	5.54	11.41	2	TRUE	5,6,7,8	CD62UANXX	D00728	B	2020-12-22	24768	24769	NA	NA
inf189Cat1T2n1	TACGCTGCTCTCTCCG	S511	N721	H	5	NA	2	H05	Feces	Sagori Mukhopadhyay	Preterm MB	SRC - [894547]	1	NA	inf189	NA	Human	transitional	8	182	2	1	1	0	0	0	0	0	32	1420	1	8/16/2019	9:00	0	0	0	0	0	0	0	0	0	0	0	0	0	0	0	0	1	0	0	P2.40	A	11/16/20	4.21	Index Set B	6.5	11.41	2	TRUE	5,6,7,8	CD62UANXX	D00728	B	2020-12-22	24768	24769	NA	NA
inf185Cat1T2n1	GCGTAGTATCTCTCCG	S511	N719	H	3	NA	2	H03	Feces	Sagori Mukhopadhyay	Preterm MB	SRC - [894503]	1	NA	inf185	NA	Human	transitional	10	236	2	1	1	0	0	0	0	0	32	1380	0	7/21/2019	18:00	0	0	0	0	0	0	0	0	0	0	0	0	0	0	0	0	1	0	0	P2.24	D	11/16/20	1.78	Index Set B	5.15	11.41	2	TRUE	5,6,7,8	CD62UANXX	D00728	B	2020-12-22	24768	24769	NA	NA
inf188Cat3T1n1	CGGAGCCTTCTCTCCG	S511	N720	H	4	NA	2	H04	Feces	Sagori Mukhopadhyay	Preterm MB	SRC - [894536]	1	NA	inf188	NA	Human	meconuim	5	117	1	3	0	1	358	1	1	0	28	1335	0	7/31/2019	12:00	0	1	0	0	0	0	0	0	0	1	1	0	0	0	0	0	0	0	0	P2.32	E	11/16/20	48.08	Index Set B	8.3	11.41	2	TRUE	5,6,7,8	CD62UANXX	D00728	B	2020-12-22	24768	24769	NA	NA
inf193Cat3T5n1	ACTGAGCGTCTCTCCG	S511	N724	H	8	NA	2	H08	Feces	Sagori Mukhopadhyay	Preterm MB	SRC - [894621]	1	NA	inf193	NA	Human	formed	31	758	5	3	0	1	0.1	1	1	0	31	1089	1	10/14/2019	19:00	0	0	0	0	0	0	0	0	0	0	0	0	0	0	0	0	1	0	0	P2.64	C	11/16/20	24.13	Index Set B	8.58	11.41	2	TRUE	5,6,7,8	CD62UANXX	D00728	B	2020-12-22	24768	24769	NA	NA
Extractemptywell2	GTAGAGGATCTCTCCG	S511	N712	H	10	NA	1	H10	Empty well	NA	NA	NA	NA	NA	NA	NA	NA	NA	NA	NA	NA	NA	NA	NA	NA	NA	NA	NA	NA	NA	NA	NA	NA	NA	NA	NA	NA	NA	NA	NA	NA	NA	NA	NA	NA	NA	NA	NA	NA	NA	NA	NA	P1.80	A	11/16/20	-0.02	Index Set A	0.01	11.41	2	TRUE	5,6,7,8	CD62UANXX	D00728	B	2020-12-22	24766	24767	NA	NA
inf180Cat3T1n1	ATCTCAGGTCTCTCCG	S511	N715	H	12	NA	1	H12	Feces	Sagori Mukhopadhyay	Preterm MB	SRC - [843964]	1	NA	inf180	NA	Human	meconuim	6	138	1	3	1	1	0	1	0	0	28	1395	1	6/7/2019	0:00	0	0	0	0	0	0	0	0	0	0	0	0	0	0	0	0	0	0	0	P1.96	B	11/16/20	44.38	Index Set A	6.52	11.41	2	TRUE	5,6,7,8	CD62UANXX	D00728	B	2020-12-22	24766	24767	NA	NA
inf190Cat1T2n1	ATGCGCAGTCTCTCCG	S511	N722	H	6	NA	2	H06	Feces	Sagori Mukhopadhyay	Preterm MB	SRC - [894566]	1	NA	inf190	NA	Human	formed	10	232	2	1	1	0	0	0	1	0	32	1445	1	8/30/2019	12:00	0	0	0	0	0	0	0	0	0	0	0	0	0	0	0	0	1	0	0	P2.48	A	11/16/20	5.27	Index Set B	2.29	11.41	2	TRUE	5,6,7,8	CD62UANXX	D00728	B	2020-12-22	24768	24769	NA	NA
inf169Cat3T4n1	AGGCAGAATCTCTCCG	S511	N703	H	3	NA	1	H03	Feces	Sagori Mukhopadhyay	Preterm MB	SRC - [807443]	1	NA	inf169	NA	Human	formed	27	651	4	3	1	1	0	0	0	1	32	1450	0	4/30/2019	4:55	0	0	0	0	0	0	0	0	0	0	0	0	0	0	0	0	1	0	0	P1.24	B	11/14/20	3.22	Index Set A	0.23	11.41	2	TRUE	5,6,7,8	CD62UANXX	D00728	B	2020-12-22	24766	24767	NA	NA
inf171Cat1T8n1	GGACTCCTTCTCTCCG	S511	N705	H	5	NA	1	H05	Feces	Sagori Mukhopadhyay	Preterm MB	SRC - [844045]	1	NA	inf171	NA	Human	formed	50	1197	8	1	1	0	0	0	0	0	29	1335	0	5/30/2019	12:00	0	0	0	0	0	0	0	0	0	0	0	0	0	0	0	0	1	0	0	P1.40	C	11/14/20	1.6	Index Set A	6.92	11.41	2	TRUE	5,6,7,8	CD62UANXX	D00728	B	2020-12-22	24766	24767	NA	NA
inf181Cat3T1n1	ACTCGCTATCTCTCCG	S511	N716	H	1	NA	2	H01	Feces	Sagori Mukhopadhyay	Preterm MB	SRC - [843981]	1	NA	inf181	NA	Human	meconuim	6	143	1	3	1	1	9.4	1	0	0	31	1230	1	6/12/2019	18:00	0	1	0	0	0	0	0	0	0	1	1	0	0	0	0	0	1	0	0	P2.8	C	11/16/20	24.15	Index Set B	7.19	11.41	2	TRUE	5,6,7,8	CD62UANXX	D00728	B	2020-12-22	24768	24769	NA	NA
inf178Cat3T2n1	GCTCATGATCTCTCCG	S511	N714	H	11	NA	1	H11	Feces	Sagori Mukhopadhyay	Preterm MB	SRC - [844044]	1	NA	inf178	NA	Human	formed	14	319	2	3	0	1	339.3	1	0	0	28	1480	1	5/30/2019	0:00	0	0	0	0	0	0	0	0	0	0	0	0	0	0	0	0	0	0	0	P1.88	B	11/16/20	-0.03	Index Set A	3.91	11.41	2	TRUE	5,6,7,8	CD62UANXX	D00728	B	2020-12-22	24766	24767	NA	NA
inf172Cat3T8n1	TAGGCATGTCTCTCCG	S511	N706	H	6	NA	1	H06	Feces	Sagori Mukhopadhyay	Preterm MB	SRC - [844066]	1	NA	inf172	NA	Human	formed	54	1302	8	3	1	1	0	1	0	1	26	1005	1	5/28/2019	12:00	0	0	0	0	0	0	0	0	0	0	0	0	0	0	0	0	1	0	0	P1.48	D	11/14/20	16.41	Index Set A	7.57	11.41	2	TRUE	5,6,7,8	CD62UANXX	D00728	B	2020-12-22	24766	24767	NA	NA
inf167Cat3T1n1	TAAGGCGATCTCTCCG	S511	N701	H	1	NA	1	H01	Feces	Sagori Mukhopadhyay	Preterm MB	SRC - [807492]	1	NA	inf167	inf168	Human	meconuim	5	117	1	3	0	1	4	1	0	1	29	1365	0	4/10/2019	0:30	0	1	0	0	0	0	0	0	0	1	1	0	0	0	0	0	0	0	0	P1.8	E	11/14/20	0.06	Index Set A	0.88	11.41	2	TRUE	5,6,7,8	CD62UANXX	D00728	B	2020-12-22	24766	24767	NA	NA
inf174Cat3T7n1	CGAGGCTGTCTCTCCG	S511	N710	H	8	NA	1	H08	Feces	Sagori Mukhopadhyay	Preterm MB	SRC - [844061]	1	NA	inf174	NA	Human	formed	48	1140	7	3	0	1	11	1	0	1	27	895	0	5/28/2019	12:00	0	0	0	0	0	0	0	0	0	0	0	0	0	0	0	0	1	0	0	P1.64	E	11/14/20	22.56	Index Set A	6.22	11.41	2	TRUE	5,6,7,8	CD62UANXX	D00728	B	2020-12-22	24766	24767	NA	NA
inf175Cat3T7n1	AAGAGGCATCTCTCCG	S511	N711	H	9	NA	1	H09	Feces	Sagori Mukhopadhyay	Preterm MB	SRC - [844055]	1	NA	inf175	NA	Human	formed	48	1140	7	3	0	1	0.2	1	1	1	30	1025	1	5/29/2019	2:00	0	0	0	0	0	0	0	0	0	0	0	0	0	0	0	0	1	0	0	P1.72	A	11/16/20	13.21	Index Set A	7.3	11.41	2	TRUE	5,6,7,8	CD62UANXX	D00728	B	2020-12-22	24766	24767	NA	NA
inf194Cat1T5n1	CCTAAGACTCTCTCCG	S511	N726	H	9	NA	2	H09	Feces	Sagori Mukhopadhyay	Preterm MB	SRC - [894670]	1	NA	inf194	inf195.inf196	Human	formed	31	736	5	1	1	0	0	0	1	0	28	1147	0	11/4/2019	6:00	0	0	0	0	0	0	0	0	0	0	0	0	0	0	0	0	0	0	0	P2.72	C	11/16/20	7.2	Index Set B	4.1	11.41	2	TRUE	5,6,7,8	CD62UANXX	D00728	B	2020-12-22	24768	24769	NA	NA
inf205Cat2T8n1	TAGGCATGTCGACTAG	S513	N706	A	6	NA	3	A06	Feces	Sagori Mukhopadhyay	Preterm MB	SRC - [937374]	1	NA	inf205	NA	Human	formed	55	1321	8	2	1	1	0	1	1	0	29	1475	1	2/17/2020	13:00	0	0	0	0	0	0	0	0	0	0	0	0	0	0	0	0	1	0	0	P3.41	D	11/17/20	15.79	Index Set C	8.67	11.41	2	TRUE	5,6,7,8	CD62UANXX	D00728	B	2020-12-22	24770	24771	NA	NA
inf197Cat1T7n1	TAAGGCGATCGACTAG	S513	N701	A	1	NA	3	A01	Feces	Sagori Mukhopadhyay	Preterm MB	SRC - [937300]	1	NA	inf197	NA	Human	formed	45	1082	7	1	1	0	0	0	1	1	30	1340	0	11/25/2019	15:00	0	1	0	0	0	0	0	0	0	0	1	1	0	0	0	0	1	0	0	P3.1	A	11/17/20	44.74	Index Set C	10.31	11.41	2	TRUE	5,6,7,8	CD62UANXX	D00728	B	2020-12-22	24770	24771	NA	NA
inf144Cat3T7n1	GCTCATGATCGACTAG	S513	N714	A	11	1	3	A11	Feces	Sagori Mukhopadhyay	Preterm MB	SRC - [738519]	1	NA	inf144	NA	Human	formed	49	1178	7	3	0	1	10	1	1	0	22	500	0	10/15/2018	6:00	0	0	0	0	0	0	0	0	0	0	0	0	0	0	0	0	0	0	0	P3.81	B	11/17/20	1.76	Index Set C	6.5	11.41	2	TRUE	5,6,7,8	CD62UANXX	D00728	B	2020-12-22	24770	24771	NA	NA
inf150Cat3T8n1	ATCTCAGGTCGACTAG	S513	N715	A	12	1	3	A12	Feces	Sagori Mukhopadhyay	Preterm MB	SRC - [738439]	1	NA	inf150	NA	Human	formed	54	1283	8	3	0	1	8.5	1	0	1	26	865	0	12/17/2018	8:40	0	0	0	0	0	0	0	0	0	0	0	0	0	0	0	0	1	0	0	P3.89	C	11/17/20	6.58	Index Set C	8.09	11.41	2	TRUE	5,6,7,8	CD62UANXX	D00728	B	2020-12-22	24770	24771	NA	NA
inf134Cat1T8n1	GTAGAGGATCGACTAG	S513	N712	A	10	1	3	A10	Feces	Sagori Mukhopadhyay	Preterm MB	SRC - [738124]	1	NA	inf134	NA	Human	formed	56	1346	8	1	1	0	0	0	1	0	25	565	1	8/7/2018	12:00	0	0	0	0	0	0	0	0	0	0	0	0	0	0	0	0	1	0	0	P3.73	B	11/17/20	7.87	Index Set C	9.53	11.41	2	TRUE	5,6,7,8	CD62UANXX	D00728	B	2020-12-22	24770	24771	NA	NA
inf207Cat3T4n1	CTCTCTACTCGACTAG	S513	N707	A	7	NA	3	A07	Feces	Sagori Mukhopadhyay	Preterm MB	SRC - [937370]	1	NA	inf207	NA	Human	formed	28	677	4	3	0	1	0	1	1	1	24	675	1	3/2/2020	8:25	1	1	0	0	1	0	0	0	0	0	0	1	0	0	0	0	0	0	0	P3.49	D	11/17/20	3.24	Index Set C	7.91	11.41	2	TRUE	5,6,7,8	CD62UANXX	D00728	B	2020-12-22	24770	24771	NA	NA
inf203Cat3T1n1	AGGCAGAATCGACTAG	S513	N703	A	3	NA	3	A03	Feces	Sagori Mukhopadhyay	Preterm MB	SRC - [894663]	1	NA	inf203	NA	Human	meconuim	6	145	1	3	0	1	0	1	0	0	25	825	0	10/30/2019	8:30	0	1	0	0	0	0	0	0	0	1	1	0	0	0	0	0	0	0	0	P3.17	B	11/17/20	0.07	Index Set C	4.37	11.41	2	TRUE	5,6,7,8	CD62UANXX	D00728	B	2020-12-22	24770	24771	NA	NA
inf158Cat3T7n1	TCCTGAGCTCGACTAG	S513	N704	A	4	1	3	A04	Feces	Sagori Mukhopadhyay	Preterm MB	SRC - [807432]	1	NA	inf158	NA	Human	formed	47	1136	7	3	0	1	0.1	1	0	0	28	1205	0	2/18/2019	9:00	0	0	0	0	0	0	0	0	0	0	0	0	0	0	0	0	1	0	0	P3.25	B	11/17/20	11.71	Index Set C	9.8	11.41	2	TRUE	5,6,7,8	CD62UANXX	D00728	B	2020-12-22	24770	24771	NA	NA
inf204Cat1T8n1	GGACTCCTTCGACTAG	S513	N705	A	5	NA	3	A05	Feces	Sagori Mukhopadhyay	Preterm MB	SRC - [937351]	1	NA	inf204	NA	Human	formed	50	1215	8	1	1	1	0	0	0	0	28	825	1	1/29/2020	19:50	0	0	0	0	0	0	0	0	0	0	0	0	0	0	0	0	1	0	0	P3.33	C	11/17/20	2.76	Index Set C	4.68	11.41	2	TRUE	5,6,7,8	CD62UANXX	D00728	B	2020-12-22	24770	24771	NA	NA
inf201Cat1T6n1	CGTACTAGTCGACTAG	S513	N702	A	2	NA	3	A02	Feces	Sagori Mukhopadhyay	Preterm MB	SRC - [937299]	1	NA	inf201	inf202	Human	formed	38	916	6	1	1	0	0	0	1	0	29	1155	0	11/19/2019	21:30	0	0	0	0	0	0	0	0	0	0	0	0	0	0	0	0	1	0	0	P3.9	A	11/17/20	8.91	Index Set C	10.97	11.41	2	TRUE	5,6,7,8	CD62UANXX	D00728	B	2020-12-22	24770	24771	NA	NA
inf210Cat1T3n1	CGAGGCTGTCGACTAG	S513	N710	A	8	NA	3	A08	Feces	Sagori Mukhopadhyay	Preterm MB	SRC - [937490]	1	NA	inf210	NA	Human	formed	21	493	3	1	1	1	2.4	1	0	0	27	1145	1	3/16/2020	12:00	0	0	0	0	0	0	0	0	0	0	0	0	0	0	0	0	0	0	0	P3.57	E	11/17/20	4.38	Index Set C	8.37	11.41	2	TRUE	5,6,7,8	CD62UANXX	D00728	B	2020-12-22	24770	24771	NA	NA
inf127Cat1T8n1	AAGAGGCATCGACTAG	S513	N711	A	9	1	3	A09	Feces	Sagori Mukhopadhyay	Preterm MB	SRC - [738092]	1	NA	inf127	NA	Human	formed	54	1284	8	1	1	0	0	0	0	0	26	745	1	5/22/2018	5:30	0	0	0	0	0	0	0	0	0	0	0	0	0	0	0	0	1	0	0	P3.65	A	11/17/20	7.68	Index Set C	6.6	11.41	2	TRUE	5,6,7,8	CD62UANXX	D00728	B	2020-12-22	24770	24771	NA	NA
inf197Cat1T8n1	TAAGGCGATTCTAGCT	S515	N701	B	1	NA	3	B01	Feces	Sagori Mukhopadhyay	Preterm MB	SRC - [937308]	1	NA	inf197	NA	Human	formed	52	1235	8	1	1	0	0	0	1	1	30	1340	0	12/2/2019	0:00	0	0	0	0	0	0	0	0	0	0	0	0	0	0	0	0	1	0	0	P3.2	A	11/17/20	12.64	Index Set C	10.32	11.41	2	TRUE	5,6,7,8	CD62UANXX	D00728	B	2020-12-22	24770	24771	NA	NA
inf206Cat1T1n1	TAGGCATGTTCTAGCT	S515	N706	B	6	NA	3	B06	Feces	Sagori Mukhopadhyay	Preterm MB	SRC - [937347]	1	NA	inf206	NA	Human	meconuim	6	132	1	1	1	0	0	0	0	0	27	500	0	1/14/2020	6:00	0	0	0	0	0	0	0	0	0	0	0	0	0	0	0	0	0	0	0	P3.42	D	11/17/20	0.41	Index Set C	6.09	11.41	2	TRUE	5,6,7,8	CD62UANXX	D00728	B	2020-12-22	24770	24771	NA	NA
inf136Cat1T7n1	GTAGAGGATTCTAGCT	S515	N712	B	10	1	3	B10	Feces	Sagori Mukhopadhyay	Preterm MB	SRC - [738144]	1	NA	inf136	NA	Human	formed	47	1131	7	1	1	0	0	0	1	0	27	945	0	8/14/2018	12:00	0	0	0	0	0	0	0	0	0	0	0	0	0	0	0	0	1	0	0	P3.74	B	11/17/20	4.72	Index Set C	7.39	11.41	2	TRUE	5,6,7,8	CD62UANXX	D00728	B	2020-12-22	24770	24771	NA	NA
inf201Cat1T7n1	CGTACTAGTTCTAGCT	S515	N702	B	2	NA	3	B02	Feces	Sagori Mukhopadhyay	Preterm MB	SRC - [937307]	1	NA	inf201	inf202	Human	formed	48	1147	7	1	1	0	0	0	1	0	29	1155	0	11/29/2019	12:30	0	0	0	0	0	0	0	0	0	0	0	0	0	0	0	0	1	0	0	P3.10	A	11/17/20	2.41	Index Set C	9.41	11.41	2	TRUE	5,6,7,8	CD62UANXX	D00728	B	2020-12-22	24770	24771	NA	NA
inf144Cat3T8n1	GCTCATGATTCTAGCT	S515	N714	B	11	1	3	B11	Feces	Sagori Mukhopadhyay	Preterm MB	SRC - [738520]	1	NA	inf144	NA	Human	formed	56	1355	8	3	0	1	10	1	1	1	22	500	0	10/22/2018	14:40	0	0	0	0	0	0	0	0	0	0	0	0	0	0	0	0	0	0	0	P3.82	B	11/17/20	9.43	Index Set C	7.74	11.41	2	TRUE	5,6,7,8	CD62UANXX	D00728	B	2020-12-22	24770	24771	NA	NA
inf205Cat2T1n1	GGACTCCTTTCTAGCT	S515	N705	B	5	NA	3	B05	Feces	Sagori Mukhopadhyay	Preterm MB	SRC - [937342]	1	NA	inf205	NA	Human	transitional	7	156	1	2	1	1	0	1	1	0	29	1475	1	12/31/2019	0:01	0	1	0	0	0	0	0	0	0	1	1	0	0	0	0	0	0	0	0	P3.34	C	11/17/20	21.46	Index Set C	10.2	11.41	2	TRUE	5,6,7,8	CD62UANXX	D00728	B	2020-12-22	24770	24771	NA	NA
inf203Cat3T8n1	TCCTGAGCTTCTAGCT	S515	N704	B	4	NA	3	B04	Feces	Sagori Mukhopadhyay	Preterm MB	SRC - [937326]	1	NA	inf203	NA	Human	formed	53	1265	8	3	0	1	0	1	0	0	25	825	0	12/16/2019	0:15	0	0	0	0	0	0	0	0	0	0	0	0	0	0	0	0	1	0	0	P3.26	C	11/17/20	11.14	Index Set C	8.71	11.41	2	TRUE	5,6,7,8	CD62UANXX	D00728	B	2020-12-22	24770	24771	NA	NA
inf128Cat3T7n1	AAGAGGCATTCTAGCT	S515	N711	B	9	1	3	B09	Feces	Sagori Mukhopadhyay	Preterm MB	SRC - [738106]	1	NA	inf128	NA	Human	formed	48	1165	7	3	1	1	4.5	1	1	1	28	1135	0	5/29/2018	20:30	0	0	0	0	0	0	0	0	0	0	0	0	0	0	0	0	0	0	0	P3.66	A	11/17/20	2.02	Index Set C	5.83	11.41	2	TRUE	5,6,7,8	CD62UANXX	D00728	B	2020-12-22	24770	24771	NA	NA
inf207Cat3T5n1	CTCTCTACTTCTAGCT	S515	N707	B	7	NA	3	B07	Feces	Sagori Mukhopadhyay	Preterm MB	SRC - [937480]	1	NA	inf207	NA	Human	formed	35	843	5	3	0	1	0	1	1	1	24	675	1	3/9/2020	6:00	0	0	0	0	0	0	0	0	0	0	0	0	0	0	0	0	0	0	0	P3.50	E	11/17/20	1.84	Index Set C	7.8	11.41	2	TRUE	5,6,7,8	CD62UANXX	D00728	B	2020-12-22	24770	24771	NA	NA
inf153Cat3T7n1	ATCTCAGGTTCTAGCT	S515	N715	B	12	1	3	B12	Feces	Sagori Mukhopadhyay	Preterm MB	SRC - [738428]	1	NA	inf153	inf154	Human	formed	48	1158	7	3	1	0	21.5	1	0	1	26	945	1	1/2/2019	15:00	0	0	0	0	0	0	0	0	0	0	0	0	0	0	0	0	1	0	0	P3.90	C	11/17/20	11.22	Index Set C	7.57	11.41	2	TRUE	5,6,7,8	CD62UANXX	D00728	B	2020-12-22	24770	24771	NA	NA
inf203Cat3T2n1	AGGCAGAATTCTAGCT	S515	N703	B	3	NA	3	B03	Feces	Sagori Mukhopadhyay	Preterm MB	SRC - [894680]	1	NA	inf203	NA	Human	formed	13	317	2	3	0	1	0	1	0	0	25	825	0	11/6/2019	12:00	0	0	0	0	0	0	0	0	0	0	0	0	0	0	0	0	0	0	0	P3.18	B	11/17/20	1.1	Index Set C	7.39	11.41	2	TRUE	5,6,7,8	CD62UANXX	D00728	B	2020-12-22	24770	24771	NA	NA
inf210Cat1T5n1	CGAGGCTGTTCTAGCT	S515	N710	B	8	NA	3	B08	Feces	Sagori Mukhopadhyay	Preterm MB	SRC - [937397]	1	NA	inf210	NA	Human	formed	35	823	5	1	1	1	2.4	1	0	0	27	1145	1	3/30/2020	6:00	0	0	0	0	0	0	0	0	0	0	0	0	0	0	0	0	0	0	0	P3.58	E	11/17/20	4.08	Index Set C	8.63	11.41	2	TRUE	5,6,7,8	CD62UANXX	D00728	B	2020-12-22	24770	24771	NA	NA
inf204Cat1T0n1	TCCTGAGCCCTAGAGT	S516	N704	C	4	NA	3	C04	Feces	Sagori Mukhopadhyay	Preterm MB	SRC - [937329]	1	NA	inf204	NA	Human	meconuim	2	57	0	1	1	1	0	0	0	0	28	825	1	12/12/2019	14:30	0	0	0	0	0	0	0	0	0	0	0	0	0	0	0	0	0	0	0	P3.27	C	11/17/20	0.09	Index Set C	4.53	11.41	2	TRUE	5,6,7,8	CD62UANXX	D00728	B	2020-12-22	24770	24771	NA	NA
inf202Cat1T1n1	CGTACTAGCCTAGAGT	S516	N702	C	2	NA	3	C02	Feces	Sagori Mukhopadhyay	Preterm MB	SRC - [894656]	1	NA	inf202	inf201	Human	transitional	6	142	1	1	1	0	0	0	0	0	29	1235	1	10/18/2019	15:00	0	0	0	0	0	0	0	0	0	0	0	0	0	0	0	0	0	0	0	P3.11	A	11/17/20	6.82	Index Set C	11.36	11.41	2	TRUE	5,6,7,8	CD62UANXX	D00728	B	2020-12-22	24770	24771	NA	NA
inf203Cat3T3n1	AGGCAGAACCTAGAGT	S516	N703	C	3	NA	3	C03	Feces	Sagori Mukhopadhyay	Preterm MB	SRC - [894689]	1	NA	inf203	NA	Human	formed	18	437	3	3	0	1	0	1	0	0	25	825	0	11/11/2019	12:00	0	0	0	0	0	0	0	0	0	0	0	0	0	0	0	0	0	0	0	P3.19	B	11/17/20	1.23	Index Set C	7.15	11.41	2	TRUE	5,6,7,8	CD62UANXX	D00728	B	2020-12-22	24770	24771	NA	NA
inf199Cat3T8n1	TAAGGCGACCTAGAGT	S516	N701	C	1	NA	3	C01	Feces	Sagori Mukhopadhyay	Preterm MB	SRC - [937306]	1	NA	inf199	NA	Human	transitional	56	1337	8	3	1	1	0	1	1	0	27	790	0	11/29/2019	8:00	1	1	0	0	0	1	0	0	0	0	0	0	1	0	0	0	0	1	1	P3.3	A	11/17/20	-0.01	Index Set C	3.12	11.41	2	TRUE	5,6,7,8	CD62UANXX	D00728	B	2020-12-22	24770	24771	NA	NA
DNAfreewater5	AAGAGGCACCTAGAGT	S516	N711	C	9	NA	3	C09	DNA-free water	NA	NA	NA	NA	NA	NA	NA	NA	NA	NA	NA	NA	NA	NA	NA	NA	NA	NA	NA	NA	NA	NA	NA	NA	NA	NA	NA	NA	NA	NA	NA	NA	NA	NA	NA	NA	NA	NA	NA	NA	NA	NA	NA	NA	NA	11/17/20	0	Index Set C	0.01	11.41	2	TRUE	5,6,7,8	CD62UANXX	D00728	B	2020-12-22	24770	24771	NA	NA
inf136Cat1T8n1	GTAGAGGACCTAGAGT	S516	N712	C	10	1	3	C10	Feces	Sagori Mukhopadhyay	Preterm MB	SRC - [738266]	1	NA	inf136	NA	Human	formed	53	1281	8	1	1	0	0	0	1	0	27	945	0	8/20/2018	18:00	0	0	0	0	0	0	0	0	0	0	0	0	0	0	0	0	1	0	0	P3.75	B	11/17/20	7.18	Index Set C	8.34	11.41	2	TRUE	5,6,7,8	CD62UANXX	D00728	B	2020-12-22	24770	24771	NA	NA
inf207Cat3T6n1	CTCTCTACCCTAGAGT	S516	N707	C	7	NA	3	C07	Feces	Sagori Mukhopadhyay	Preterm MB	SRC - [937489]	1	NA	inf207	NA	Human	formed	42	1020	6	3	0	1	0	1	1	1	24	675	1	3/16/2020	15:00	0	0	0	0	0	0	0	0	0	0	0	0	0	0	0	0	0	0	0	P3.51	E	11/17/20	5.57	Index Set C	7.55	11.41	2	TRUE	5,6,7,8	CD62UANXX	D00728	B	2020-12-22	24770	24771	NA	NA
inf153Cat3T8n1	ATCTCAGGCCTAGAGT	S516	N715	C	12	1	3	C12	Feces	Sagori Mukhopadhyay	Preterm MB	SRC - [738425]	1	NA	inf153	inf154	Human	formed	54	1302	8	3	1	0	21.5	1	0	1	26	945	1	1/8/2019	15:00	0	0	0	0	0	0	0	0	0	0	0	0	0	0	0	0	1	0	0	P3.91	C	11/17/20	10.77	Index Set C	7.86	11.41	2	TRUE	5,6,7,8	CD62UANXX	D00728	B	2020-12-22	24770	24771	NA	NA
inf205Cat2T2n1	GGACTCCTCCTAGAGT	S516	N705	C	5	NA	3	C05	Feces	Sagori Mukhopadhyay	Preterm MB	SRC - [937343]	1	NA	inf205	NA	Human	formed	9	210	2	2	1	1	0	1	1	0	29	1475	1	1/2/2020	5:35	1	1	0	0	0	1	0	0	0	0	1	0	1	0	0	0	0	1	0	P3.35	C	11/17/20	19.72	Index Set C	7.92	11.41	2	TRUE	5,6,7,8	CD62UANXX	D00728	B	2020-12-22	24770	24771	NA	NA
inf145Cat1T8n1	GCTCATGACCTAGAGT	S516	N714	C	11	1	3	C11	Feces	Sagori Mukhopadhyay	Preterm MB	SRC - [738537]	1	NA	inf145	NA	Human	formed	55	1314	8	1	1	0	0	0	0	0	30	1135	0	11/1/2018	15:00	0	0	0	0	0	0	0	0	0	0	0	0	0	0	0	0	1	0	0	P3.83	B	11/17/20	8.55	Index Set C	6.91	11.41	2	TRUE	5,6,7,8	CD62UANXX	D00728	B	2020-12-22	24770	24771	NA	NA
inf210Cat1T6n1	CGAGGCTGCCTAGAGT	S516	N710	C	8	NA	3	C08	Feces	Sagori Mukhopadhyay	Preterm MB	SRC - [937396]	1	NA	inf210	NA	Human	formed	42	1003	6	1	1	1	2.4	1	0	0	27	1145	1	4/6/2020	18:00	0	0	0	0	0	0	0	0	0	0	0	0	0	0	0	0	1	0	0	P3.59	E	11/17/20	14.52	Index Set C	8.15	11.41	2	TRUE	5,6,7,8	CD62UANXX	D00728	B	2020-12-22	24770	24771	NA	NA
inf206Cat1T2n1	TAGGCATGCCTAGAGT	S516	N706	C	6	NA	3	C06	Feces	Sagori Mukhopadhyay	Preterm MB	SRC - [937348]	1	NA	inf206	NA	Human	formed	13	315	2	1	1	0	0	0	0	0	27	500	0	1/21/2020	21:00	0	0	0	0	0	0	0	0	0	0	0	0	0	0	0	0	0	0	0	P3.43	D	11/17/20	7.11	Index Set C	7.65	11.41	2	TRUE	5,6,7,8	CD62UANXX	D00728	B	2020-12-22	24770	24771	NA	NA
inf207Cat3T7n1	CTCTCTACGCGTAAGA	S517	N707	D	7	NA	3	D07	Feces	Sagori Mukhopadhyay	Preterm MB	SRC - [937399]	1	NA	inf207	NA	Human	formed	49	1194	7	3	0	1	0	1	1	1	24	675	1	3/23/2020	21:00	0	0	0	0	0	0	0	0	0	0	0	0	0	0	0	0	0	0	0	P3.52	E	11/17/20	7.01	Index Set C	7.07	11.41	2	TRUE	5,6,7,8	CD62UANXX	D00728	B	2020-12-22	24770	24771	NA	NA
inf203Cat3T4n1	AGGCAGAAGCGTAAGA	S517	N703	D	3	NA	3	D03	Feces	Sagori Mukhopadhyay	Preterm MB	SRC - [937292]	1	NA	inf203	NA	Human	formed	25	602	4	3	0	1	0	1	0	0	25	825	0	11/18/2019	9:00	0	0	0	0	0	0	0	0	0	0	0	0	0	0	0	0	0	0	0	P3.20	B	11/17/20	2.52	Index Set C	10.27	11.41	2	TRUE	5,6,7,8	CD62UANXX	D00728	B	2020-12-22	24770	24771	NA	NA
inf129Cat1T7n1	AAGAGGCAGCGTAAGA	S517	N711	D	9	1	3	D09	Feces	Sagori Mukhopadhyay	Preterm MB	SRC - [738295]	1	NA	inf129	NA	Human	formed	46	1110	7	1	1	0	0	0	1	0	29	1145	0	6/5/2018	18:00	0	1	0	0	0	0	0	0	0	0	0	0	0	0	0	1	1	0	0	P3.68	A	11/17/20	5.7	Index Set C	5.55	11.41	2	TRUE	5,6,7,8	CD62UANXX	D00728	B	2020-12-22	24770	24771	NA	NA
Extractblankswab6	GGACTCCTGCGTAAGA	S517	N705	D	5	NA	3	D05	Blank swab	NA	NA	NA	NA	NA	NA	NA	NA	NA	NA	NA	NA	NA	NA	NA	NA	NA	NA	NA	NA	NA	NA	NA	NA	NA	NA	NA	NA	NA	NA	NA	NA	NA	NA	NA	NA	NA	NA	NA	NA	NA	NA	NA	P3.36	C	11/17/20	0.01	Index Set C	0.03	11.41	2	TRUE	5,6,7,8	CD62UANXX	D00728	B	2020-12-22	24770	24771	NA	NA
inf154Cat2T7n1	ATCTCAGGGCGTAAGA	S517	N715	D	12	1	3	D12	Feces	Sagori Mukhopadhyay	Preterm MB	SRC - [738427]	1	NA	inf154	inf153	Human	formed	49	1170	7	2	1	0	0	1	0	1	26	885	1	1/3/2019	2:50	0	0	0	0	0	0	0	0	0	0	0	0	0	0	0	0	1	0	0	P3.92	C	11/17/20	2.97	Index Set C	7.51	11.41	2	TRUE	5,6,7,8	CD62UANXX	D00728	B	2020-12-22	24770	24771	NA	NA
inf202Cat1T2n1	CGTACTAGGCGTAAGA	S517	N702	D	2	NA	3	D02	Feces	Sagori Mukhopadhyay	Preterm MB	SRC - [894657]	1	NA	inf202	inf201	Human	formed	11	265	2	1	1	0	0	0	0	0	29	1235	1	10/23/2019	17:50	0	0	0	0	0	0	0	0	0	0	0	0	0	0	0	0	1	0	0	P3.12	A	11/17/20	26.31	Index Set C	9.51	11.41	2	TRUE	5,6,7,8	CD62UANXX	D00728	B	2020-12-22	24770	24771	NA	NA
inf146Cat1T8n1	GCTCATGAGCGTAAGA	S517	N714	D	11	1	3	D11	Feces	Sagori Mukhopadhyay	Preterm MB	SRC - [738535]	1	NA	inf146	NA	Human	formed	52	1261	8	1	1	0	0	0	0	1	30	1285	1	10/29/2018	20:00	0	0	0	0	0	0	0	0	0	0	0	0	0	0	0	0	1	0	0	P3.84	B	11/17/20	6.56	Index Set C	7.5	11.41	2	TRUE	5,6,7,8	CD62UANXX	D00728	B	2020-12-22	24770	24771	NA	NA
inf204Cat1T2n1	TCCTGAGCGCGTAAGA	S517	N704	D	4	NA	3	D04	Feces	Sagori Mukhopadhyay	Preterm MB	SRC - [937331]	1	NA	inf204	NA	Human	meconuim	9	211	2	1	1	1	0	0	0	0	28	825	1	12/19/2019	0:00	0	0	0	0	0	0	0	0	0	0	0	0	0	0	0	0	0	0	0	P3.28	C	11/17/20	0.34	Index Set C	5.85	11.41	2	TRUE	5,6,7,8	CD62UANXX	D00728	B	2020-12-22	24770	24771	NA	NA
inf124Cat1T7n1	CGAGGCTGGCGTAAGA	S517	N710	D	8	1	3	D08	Feces	Sagori Mukhopadhyay	Preterm MB	SRC - [738192]	1	NA	inf124	inf125	Human	formed	49	1171	7	1	1	0	0	0	0	0	28	1195	0	5/1/2018	6:10	0	0	0	0	0	0	0	0	0	0	0	0	0	0	0	0	1	0	0	P3.60	A	11/17/20	3.56	Index Set C	7.94	11.41	2	TRUE	5,6,7,8	CD62UANXX	D00728	B	2020-12-22	24770	24771	NA	NA
inf206Cat1T4n1	TAGGCATGGCGTAAGA	S517	N706	D	6	NA	3	D06	Feces	Sagori Mukhopadhyay	Preterm MB	SRC - [937352]	1	NA	inf206	NA	Human	formed	22	525	4	1	1	0	0	0	0	0	27	500	0	1/30/2020	15:00	0	0	0	0	0	0	0	0	0	0	0	0	0	0	0	0	0	0	0	P3.44	D	11/17/20	3.69	Index Set C	8.3	11.41	2	TRUE	5,6,7,8	CD62UANXX	D00728	B	2020-12-22	24770	24771	NA	NA
inf139Cat3T8n1	GTAGAGGAGCGTAAGA	S517	N712	D	10	1	3	D10	Feces	Sagori Mukhopadhyay	Preterm MB	SRC - [738277]	1	NA	inf139	NA	Human	formed	56	1347	8	3	1	0	168	1	0	1	29	1295	0	9/17/2018	15:00	0	0	0	0	0	0	0	0	0	0	0	0	0	0	0	0	1	0	0	P3.76	B	11/17/20	2.55	Index Set C	7.75	11.41	2	TRUE	5,6,7,8	CD62UANXX	D00728	B	2020-12-22	24770	24771	NA	NA
inf201Cat1T1n1	TAAGGCGAGCGTAAGA	S517	N701	D	1	NA	3	D01	Feces	Sagori Mukhopadhyay	Preterm MB	SRC - [894654]	1	NA	inf201	inf202	Human	transitional	6	136	1	1	1	0	0	0	1	0	29	1155	0	10/18/2019	9:00	0	0	0	0	0	0	0	0	0	0	0	0	0	0	0	0	0	0	0	P3.4	A	11/17/20	5.12	Index Set C	8.37	11.41	2	TRUE	5,6,7,8	CD62UANXX	D00728	B	2020-12-22	24770	24771	NA	NA
inf203Cat3T5n1	AGGCAGAACTATTAAG	S518	N703	E	3	NA	3	E03	Feces	Sagori Mukhopadhyay	Preterm MB	SRC - [937302]	1	NA	inf203	NA	Human	formed	32	776	5	3	0	1	0	1	0	0	25	825	0	11/25/2019	15:00	0	0	0	0	0	0	0	0	0	0	0	0	0	0	0	0	0	0	0	P3.21	B	11/17/20	10.1	Index Set C	10.13	11.41	2	TRUE	5,6,7,8	CD62UANXX	D00728	B	2020-12-22	24770	24771	NA	NA
inf202Cat1T3n1	CGTACTAGCTATTAAG	S518	N702	E	2	NA	3	E02	Feces	Sagori Mukhopadhyay	Preterm MB	SRC - [894658]	1	NA	inf202	inf201	Human	formed	17	406	3	1	1	0	0	0	0	0	29	1235	1	10/29/2019	15:00	0	0	0	0	0	0	0	0	0	0	0	0	0	0	0	0	1	0	0	P3.13	B	11/17/20	6.91	Index Set C	10.16	11.41	2	TRUE	5,6,7,8	CD62UANXX	D00728	B	2020-12-22	24770	24771	NA	NA
inf205Cat2T4n1	GGACTCCTCTATTAAG	S518	N705	E	5	NA	3	E05	Feces	Sagori Mukhopadhyay	Preterm MB	SRC - [937344]	1	NA	inf205	NA	Human	formed	24	579	4	2	1	1	0	1	1	0	29	1475	1	1/17/2020	15:00	0	0	0	0	0	0	0	0	0	0	0	0	0	0	0	0	0	0	0	P3.37	C	11/17/20	3.53	Index Set C	8.52	11.41	2	TRUE	5,6,7,8	CD62UANXX	D00728	B	2020-12-22	24770	24771	NA	NA
inf204Cat1T3n1	TCCTGAGCCTATTAAG	S518	N704	E	4	NA	3	E04	Feces	Sagori Mukhopadhyay	Preterm MB	SRC - [937333]	1	NA	inf204	NA	Human	formed	20	484	3	1	1	1	0	0	0	0	28	825	1	12/30/2019	9:00	0	0	0	0	0	0	0	0	0	0	0	0	0	0	0	0	0	0	0	P3.29	C	11/17/20	6.42	Index Set C	10.39	11.41	2	TRUE	5,6,7,8	CD62UANXX	D00728	B	2020-12-22	24770	24771	NA	NA
inf147Cat1T8n1	GCTCATGACTATTAAG	S518	N714	E	11	1	3	E11	Feces	Sagori Mukhopadhyay	Preterm MB	SRC - [738543]	1	NA	inf147	NA	Human	formed	51	1228	8	1	1	0	0	0	0	0	32	1285	0	10/29/2018	8:30	0	0	0	0	0	0	0	0	0	0	0	0	0	0	0	0	1	0	0	P3.85	C	11/17/20	3.03	Index Set C	7.69	11.41	2	TRUE	5,6,7,8	CD62UANXX	D00728	B	2020-12-22	24770	24771	NA	NA
inf158Cat3T8n1	ATCTCAGGCTATTAAG	S518	N715	E	12	1	3	E12	Feces	Sagori Mukhopadhyay	Preterm MB	SRC - [807374]	1	NA	inf158	NA	Human	formed	55	1331	8	3	0	1	0.1	1	0	0	28	1205	0	2/26/2019	12:00	0	0	0	0	0	0	0	0	0	0	0	0	0	0	0	0	1	0	0	P3.93	C	11/17/20	12.49	Index Set C	9.09	11.41	2	TRUE	5,6,7,8	CD62UANXX	D00728	B	2020-12-22	24770	24771	NA	NA
inf124Cat1T8n1	CGAGGCTGCTATTAAG	S518	N710	E	8	1	3	E08	Feces	Sagori Mukhopadhyay	Preterm MB	SRC - [738195]	1	NA	inf124	inf125	Human	formed	55	1320	8	1	1	0	0	0	0	0	28	1195	0	5/7/2018	12:00	0	0	0	0	0	0	0	0	0	0	0	0	0	0	0	0	1	0	0	P3.61	A	11/17/20	4.98	Index Set C	21.04	11.41	2	TRUE	5,6,7,8	CD62UANXX	D00728	B	2020-12-22	24770	24771	NA	NA
inf206Cat1T5n1	TAGGCATGCTATTAAG	S518	N706	E	6	NA	3	E06	Feces	Sagori Mukhopadhyay	Preterm MB	SRC - [937356]	1	NA	inf206	NA	Human	formed	29	678	5	1	1	0	0	0	0	0	27	500	0	2/6/2020	0:00	0	0	0	0	0	0	0	0	0	0	0	0	0	0	0	0	0	0	0	P3.45	D	11/17/20	7.76	Index Set C	8.8	11.41	2	TRUE	5,6,7,8	CD62UANXX	D00728	B	2020-12-22	24770	24771	NA	NA
inf140Cat3T8n1	GTAGAGGACTATTAAG	S518	N712	E	10	1	3	E10	Feces	Sagori Mukhopadhyay	Preterm MB	SRC - [738282]	1	NA	inf140	NA	Human	formed	51	1224	8	3	1	1	0	1	1	1	25	765	0	9/17/2018	6:00	0	0	0	0	0	0	0	0	0	0	0	0	0	0	0	0	1	0	0	P3.77	B	11/17/20	5.82	Index Set C	7.32	11.41	2	TRUE	5,6,7,8	CD62UANXX	D00728	B	2020-12-22	24770	24771	NA	NA
inf201Cat1T3n1	TAAGGCGACTATTAAG	S518	N701	E	1	NA	3	E01	Feces	Sagori Mukhopadhyay	Preterm MB	SRC - [894661]	1	NA	inf201	inf202	Human	meconuim	19	445	3	1	1	0	0	0	1	0	29	1155	0	10/31/2019	6:00	0	1	0	0	0	0	0	0	0	0	0	0	1	0	0	0	0	0	0	P3.5	A	11/17/20	0.09	Index Set C	4.12	11.41	2	TRUE	5,6,7,8	CD62UANXX	D00728	B	2020-12-22	24770	24771	NA	NA
Extractemptywell5	CTCTCTACCTATTAAG	S518	N707	E	7	NA	3	E07	Empty well	NA	NA	NA	NA	NA	NA	NA	NA	NA	NA	NA	NA	NA	NA	NA	NA	NA	NA	NA	NA	NA	NA	NA	NA	NA	NA	NA	NA	NA	NA	NA	NA	NA	NA	NA	NA	NA	NA	NA	NA	NA	NA	NA	P3.53	E	11/17/20	0.01	Index Set C	0.01	11.41	2	TRUE	5,6,7,8	CD62UANXX	D00728	B	2020-12-22	24770	24771	NA	NA
inf129Cat1T8n1	AAGAGGCACTATTAAG	S518	N711	E	9	1	3	E09	Feces	Sagori Mukhopadhyay	Preterm MB	SRC - [738297]	1	NA	inf129	NA	Human	formed	52	1248	8	1	1	0	0	0	1	0	29	1145	0	6/11/2018	12:45	0	0	0	0	0	0	0	0	0	0	0	0	0	0	0	0	1	0	0	P3.69	A	11/17/20	6.71	Index Set C	5.24	11.41	2	TRUE	5,6,7,8	CD62UANXX	D00728	B	2020-12-22	24770	24771	NA	NA
inf125Cat1T7n1	CGAGGCTGAAGGCTAT	S520	N710	F	8	1	3	F08	Feces	Sagori Mukhopadhyay	Preterm MB	SRC - [738203]	1	NA	inf125	inf124	Human	formed	48	1158	7	1	1	0	0	0	1	0	28	925	0	4/30/2018	18:00	0	0	0	0	0	0	0	0	0	0	0	0	0	0	0	0	1	0	0	P3.62	A	11/17/20	7.68	Index Set C	8.04	11.41	2	TRUE	5,6,7,8	CD62UANXX	D00728	B	2020-12-22	24770	24771	NA	NA
inf203Cat3T6n1	AGGCAGAAAAGGCTAT	S520	N703	F	3	NA	3	F03	Feces	Sagori Mukhopadhyay	Preterm MB	SRC - [937310]	1	NA	inf203	NA	Human	formed	39	934	6	3	0	1	0	1	0	0	25	825	0	12/2/2019	5:30	0	0	0	0	0	0	0	0	0	0	0	0	0	0	0	0	0	0	0	P3.22	B	11/17/20	7.4	Index Set C	9.25	11.41	2	TRUE	5,6,7,8	CD62UANXX	D00728	B	2020-12-22	24770	24771	NA	NA
inf207Cat3T8n1	CTCTCTACAAGGCTAT	S520	N707	F	7	NA	3	F07	Feces	Sagori Mukhopadhyay	Preterm MB	SRC - [937398]	1	NA	inf207	NA	Human	formed	56	1344	8	3	0	1	0	1	1	1	24	675	1	3/30/2020	3:00	0	0	0	0	0	0	0	0	0	0	0	0	0	0	0	0	0	0	0	P3.54	E	11/17/20	3.78	Index Set C	6.91	11.41	2	TRUE	5,6,7,8	CD62UANXX	D00728	B	2020-12-22	24770	24771	NA	NA
inf205Cat2T5n1	GGACTCCTAAGGCTAT	S520	N705	F	5	NA	3	F05	Feces	Sagori Mukhopadhyay	Preterm MB	SRC - [937349]	1	NA	inf205	NA	Human	formed	31	747	5	2	1	1	0	1	1	0	29	1475	1	1/24/2020	15:00	0	0	0	0	0	0	0	0	0	0	0	0	0	0	0	0	0	0	0	P3.38	D	11/17/20	8.65	Index Set C	7.1	11.41	2	TRUE	5,6,7,8	CD62UANXX	D00728	B	2020-12-22	24770	24771	NA	NA
inf154Cat2T8n1	ATCTCAGGAAGGCTAT	S520	N715	F	12	1	3	F12	Feces	Sagori Mukhopadhyay	Preterm MB	SRC - [738407]	1	NA	inf154	inf153	Human	formed	53	1266	8	2	1	0	0	1	0	1	26	885	1	1/7/2019	3:00	0	0	0	0	0	0	0	0	0	0	0	0	0	0	0	0	1	0	0	P3.94	C	11/17/20	1.9	Index Set C	6.81	11.41	2	TRUE	5,6,7,8	CD62UANXX	D00728	B	2020-12-22	24770	24771	NA	NA
inf202Cat1T4n1	CGTACTAGAAGGCTAT	S520	N702	F	2	NA	3	F02	Feces	Sagori Mukhopadhyay	Preterm MB	SRC - [894668]	1	NA	inf202	inf201	Human	formed	23	541	4	1	1	0	0	0	0	0	29	1235	1	11/4/2019	5:55	0	0	0	0	0	0	0	0	0	0	0	0	0	0	0	0	1	0	0	P3.14	B	11/17/20	9.83	Index Set C	0.03	11.41	2	TRUE	5,6,7,8	CD62UANXX	D00728	B	2020-12-22	24770	24771	NA	NA
inf148Cat3T7n1	GCTCATGAAAGGCTAT	S520	N714	F	11	1	3	F11	Feces	Sagori Mukhopadhyay	Preterm MB	SRC - [738451]	1	NA	inf148	NA	Human	formed	49	1165	7	3	1	0	111	1	0	1	31	1250	1	12/4/2018	11:50	0	0	0	0	0	0	0	0	0	0	0	0	0	0	0	0	1	0	0	P3.86	C	11/17/20	2.52	Index Set C	4.38	11.41	2	TRUE	5,6,7,8	CD62UANXX	D00728	B	2020-12-22	24770	24771	NA	NA
inf141Cat2T7n1	GTAGAGGAAAGGCTAT	S520	N712	F	10	1	3	F10	Feces	Sagori Mukhopadhyay	Preterm MB	SRC - [738499]	1	NA	inf141	NA	Human	formed	49	1155	7	2	1	0	0	1	0	0	28	765	0	10/1/2018	0:00	0	0	0	0	0	0	0	0	0	0	0	0	0	0	0	0	1	0	0	P3.78	B	11/17/20	7.22	Index Set C	8.62	11.41	2	TRUE	5,6,7,8	CD62UANXX	D00728	B	2020-12-22	24770	24771	NA	NA
inf206Cat1T6n1	TAGGCATGAAGGCTAT	S520	N706	F	6	NA	3	F06	Feces	Sagori Mukhopadhyay	Preterm MB	SRC - [937375]	1	NA	inf206	NA	Human	formed	40	954	6	1	1	0	0	0	0	0	27	500	0	2/17/2020	12:00	0	0	0	0	0	0	0	0	0	0	0	0	0	0	0	0	0	0	0	P3.46	D	11/17/20	5.56	Index Set C	7.12	11.41	2	TRUE	5,6,7,8	CD62UANXX	D00728	B	2020-12-22	24770	24771	NA	NA
inf201Cat1T4n1	TAAGGCGAAAGGCTAT	S520	N701	F	1	NA	3	F01	Feces	Sagori Mukhopadhyay	Preterm MB	SRC - [894681]	1	NA	inf201	inf202	Human	formed	27	631	4	1	1	0	0	0	1	0	29	1155	0	11/8/2019	0:00	0	0	0	0	0	0	0	0	0	0	0	0	0	0	0	0	1	0	0	P3.6	A	11/17/20	5.69	Index Set C	10.32	11.41	2	TRUE	5,6,7,8	CD62UANXX	D00728	B	2020-12-22	24770	24771	NA	NA
inf132Cat3T8n1	AAGAGGCAAAGGCTAT	S520	N711	F	9	1	3	F09	Feces	Sagori Mukhopadhyay	Preterm MB	SRC - [738318]	1	NA	inf132	NA	Human	formed	51	1227	8	3	0	1	13	1	0	1	28	1055	0	7/23/2018	12:00	0	0	0	0	0	0	0	0	0	0	0	0	0	0	0	0	1	0	0	P3.70	A	11/17/20	2.68	Index Set C	5.63	11.41	2	TRUE	5,6,7,8	CD62UANXX	D00728	B	2020-12-22	24770	24771	NA	NA
inf204Cat1T4n1	TCCTGAGCAAGGCTAT	S520	N704	F	4	NA	3	F04	Feces	Sagori Mukhopadhyay	Preterm MB	SRC - [937337]	1	NA	inf204	NA	Human	formed	27	655	4	1	1	1	0	0	0	0	28	825	1	1/6/2020	12:00	0	0	0	0	0	0	0	0	0	0	0	0	0	0	0	0	0	0	0	P3.30	C	11/17/20	6.22	Index Set C	9.16	11.41	2	TRUE	5,6,7,8	CD62UANXX	D00728	B	2020-12-22	24770	24771	NA	NA
inf142Cat3T8n1	GTAGAGGAGAGCCTTA	S521	N712	G	10	1	3	G10	Feces	Sagori Mukhopadhyay	Preterm MB	SRC - [738508]	1	NA	inf142	NA	Human	formed	51	1230	8	3	0	1	9	1	1	1	29	1485	1	10/1/2018	23:58	0	0	0	0	0	0	0	0	0	0	0	0	0	0	0	0	1	0	0	P3.79	B	11/17/20	2.9	Index Set C	7.65	11.41	2	TRUE	5,6,7,8	CD62UANXX	D00728	B	2020-12-22	24770	24771	NA	NA
inf205Cat2T6n1	GGACTCCTGAGCCTTA	S521	N705	G	5	NA	3	G05	Feces	Sagori Mukhopadhyay	Preterm MB	SRC - [937350]	1	NA	inf205	NA	Human	formed	36	867	6	2	1	1	0	1	1	0	29	1475	1	1/29/2020	15:00	0	0	0	0	0	0	0	0	0	0	0	0	0	0	0	0	0	0	0	P3.39	D	11/17/20	4.96	Index Set C	5.82	11.41	2	TRUE	5,6,7,8	CD62UANXX	D00728	B	2020-12-22	24770	24771	NA	NA
inf210Cat1T1n1	CTCTCTACGAGCCTTA	S521	N707	G	7	NA	3	G07	Feces	Sagori Mukhopadhyay	Preterm MB	SRC - [937380]	1	NA	inf210	NA	Human	meconuim	7	166	1	1	1	1	2.4	1	0	0	27	1145	1	3/2/2020	21:00	0	0	0	0	0	0	0	0	0	0	0	0	0	0	0	0	0	0	0	P3.55	E	11/17/20	0.46	Index Set C	8.73	11.41	2	TRUE	5,6,7,8	CD62UANXX	D00728	B	2020-12-22	24770	24771	NA	NA
inf148Cat3T8n1	GCTCATGAGAGCCTTA	S521	N714	G	11	1	3	G11	Feces	Sagori Mukhopadhyay	Preterm MB	SRC - [738445]	1	NA	inf148	NA	Human	formed	56	1330	8	3	1	0	111	1	0	1	31	1250	1	12/11/2018	9:00	0	0	0	0	0	0	0	0	0	0	0	0	0	0	0	0	1	0	0	P3.87	C	11/17/20	10.57	Index Set C	5.13	11.41	2	TRUE	5,6,7,8	CD62UANXX	D00728	B	2020-12-22	24770	24771	NA	NA
inf202Cat1T5n1	CGTACTAGGAGCCTTA	S521	N702	G	2	NA	3	G02	Feces	Sagori Mukhopadhyay	Preterm MB	SRC - [894691]	1	NA	inf202	inf201	Human	formed	31	727	5	1	1	0	0	0	0	0	29	1235	1	11/12/2019	0:01	0	0	0	0	0	0	0	0	0	0	0	0	0	0	0	0	1	0	0	P3.15	B	11/17/20	6.38	Index Set C	10.44	11.41	2	TRUE	5,6,7,8	CD62UANXX	D00728	B	2020-12-22	24770	24771	NA	NA
inf156Cat2T7n1	ATCTCAGGGAGCCTTA	S521	N715	G	12	1	3	G12	Feces	Sagori Mukhopadhyay	Preterm MB	SRC - [807357]	1	NA	inf156	NA	Human	formed	48	1140	7	2	1	0	0	1	1	1	28	635	1	1/15/2019	11:30	0	0	0	0	0	0	0	0	0	0	0	0	0	0	0	0	1	0	0	P3.95	C	11/17/20	4.72	Index Set C	9.05	11.41	2	TRUE	5,6,7,8	CD62UANXX	D00728	B	2020-12-22	24770	24771	NA	NA
inf125Cat1T8n1	CGAGGCTGGAGCCTTA	S521	N710	G	8	1	3	G08	Feces	Sagori Mukhopadhyay	Preterm MB	SRC - [738204]	1	NA	inf125	inf124	Human	formed	55	1321	8	1	1	0	0	0	1	0	28	925	0	5/7/2018	12:15	0	0	0	0	0	0	0	0	0	0	0	0	0	0	0	0	1	0	0	P3.63	A	11/17/20	9.06	Index Set C	8.4	11.41	2	TRUE	5,6,7,8	CD62UANXX	D00728	B	2020-12-22	24770	24771	NA	NA
inf206Cat1T7n1	TAGGCATGGAGCCTTA	S521	N706	G	6	NA	3	G06	Feces	Sagori Mukhopadhyay	Preterm MB	SRC - [937365]	1	NA	inf206	NA	Human	formed	47	1122	7	1	1	0	0	0	0	0	27	500	0	2/24/2020	12:00	0	0	0	0	0	0	0	0	0	0	0	0	0	0	0	0	1	0	0	P3.47	D	11/17/20	7.98	Index Set C	6.26	11.41	2	TRUE	5,6,7,8	CD62UANXX	D00728	B	2020-12-22	24770	24771	NA	NA
mockdna5	AGGCAGAAGAGCCTTA	S521	N703	G	3	NA	3	G03	Mock DNA	NA	NA	NA	NA	NA	NA	NA	NA	NA	NA	NA	NA	NA	NA	NA	NA	NA	NA	NA	NA	NA	NA	NA	NA	NA	NA	NA	NA	NA	NA	NA	NA	NA	NA	NA	NA	NA	NA	NA	NA	NA	NA	NA	NA	B	11/17/20	0.02	Index Set C	8.89	11.41	2	TRUE	5,6,7,8	CD62UANXX	D00728	B	2020-12-22	24770	24771	NA	NA
Extractblankswab5	TAAGGCGAGAGCCTTA	S521	N701	G	1	NA	3	G01	Blank swab	NA	NA	NA	NA	NA	NA	NA	NA	NA	NA	NA	NA	NA	NA	NA	NA	NA	NA	NA	NA	NA	NA	NA	NA	NA	NA	NA	NA	NA	NA	NA	NA	NA	NA	NA	NA	NA	NA	NA	NA	NA	NA	NA	P3.7	A	11/17/20	-0.06	Index Set C	0.01	11.41	2	TRUE	5,6,7,8	CD62UANXX	D00728	B	2020-12-22	24770	24771	NA	NA
inf133Cat3T7n1	AAGAGGCAGAGCCTTA	S521	N711	G	9	1	3	G09	Feces	Sagori Mukhopadhyay	Preterm MB	SRC - [738259]	1	NA	inf133	NA	Human	formed	47	1125	7	3	0	1	0	1	0	0	27	1405	0	7/17/2018	9:00	0	0	0	0	0	0	0	0	0	0	0	0	0	0	0	0	1	0	0	P3.71	A	11/17/20	33.52	Index Set C	4.21	11.41	2	TRUE	5,6,7,8	CD62UANXX	D00728	B	2020-12-22	24770	24771	NA	NA
inf204Cat1T5n1	TCCTGAGCGAGCCTTA	S521	N704	G	4	NA	3	G04	Feces	Sagori Mukhopadhyay	Preterm MB	SRC - [937341]	1	NA	inf204	NA	Human	formed	34	823	5	1	1	1	0	0	0	0	28	825	1	1/13/2020	12:00	0	0	0	0	0	0	0	0	0	0	0	0	0	0	0	0	1	0	0	P3.31	C	11/17/20	13.74	Index Set C	8.96	11.41	2	TRUE	5,6,7,8	CD62UANXX	D00728	B	2020-12-22	24770	24771	NA	NA
inf150Cat3T7n1	GCTCATGATTATGCGA	S522	N714	H	11	1	3	H11	Feces	Sagori Mukhopadhyay	Preterm MB	SRC - [738448]	1	NA	inf150	NA	Human	formed	47	1109	7	3	0	1	8.5	1	0	1	26	865	0	12/10/2018	2:54	0	0	0	0	0	0	0	0	0	0	0	0	0	0	0	0	0	0	0	P3.88	C	11/17/20	4.61	Index Set C	6	11.41	2	TRUE	5,6,7,8	CD62UANXX	D00728	B	2020-12-22	24770	24771	NA	NA
inf207Cat3T2n1	TAGGCATGTTATGCGA	S522	N706	H	6	NA	3	H06	Feces	Sagori Mukhopadhyay	Preterm MB	SRC - [937371]	1	NA	inf207	NA	Human	transitional	8	204	2	3	0	1	0	1	1	1	24	675	1	2/11/2020	15:00	0	1	0	0	0	0	0	0	0	1	0	0	0	0	0	0	0	0	0	P3.48	D	11/17/20	0.12	Index Set C	3.13	11.41	2	TRUE	5,6,7,8	CD62UANXX	D00728	B	2020-12-22	24770	24771	NA	NA
inf210Cat1T2n1	CTCTCTACTTATGCGA	S522	N707	H	7	NA	3	H07	Feces	Sagori Mukhopadhyay	Preterm MB	SRC - [937477]	1	NA	inf210	NA	Human	formed	14	325	2	1	1	1	2.4	1	0	0	27	1145	1	3/9/2020	12:00	0	0	0	0	0	0	0	0	0	0	0	0	0	0	0	0	0	0	0	P3.56	E	11/17/20	4.88	Index Set C	7.91	11.41	2	TRUE	5,6,7,8	CD62UANXX	D00728	B	2020-12-22	24770	24771	NA	NA
inf205Cat2T7n1	GGACTCCTTTATGCGA	S522	N705	H	5	NA	3	H05	Feces	Sagori Mukhopadhyay	Preterm MB	SRC - [937358]	1	NA	inf205	NA	Human	formed	49	1177	7	2	1	1	0	1	1	0	29	1475	1	2/11/2020	13:00	0	0	0	0	0	0	0	0	0	0	0	0	0	0	0	0	1	0	0	P3.40	D	11/17/20	8.8	Index Set C	5.11	11.41	2	TRUE	5,6,7,8	CD62UANXX	D00728	B	2020-12-22	24770	24771	NA	NA
inf201Cat1T5n1	TAAGGCGATTATGCGA	S522	N701	H	1	NA	3	H01	Feces	Sagori Mukhopadhyay	Preterm MB	SRC - [894690]	1	NA	inf201	inf202	Human	formed	30	721	5	1	1	0	0	0	1	0	29	1155	0	11/11/2019	18:00	0	0	0	0	0	0	0	0	0	0	0	0	0	0	0	0	1	0	0	P3.8	A	11/17/20	11.84	Index Set C	3.53	11.41	2	TRUE	5,6,7,8	CD62UANXX	D00728	B	2020-12-22	24770	24771	NA	NA
inf127Cat1T7n1	CGAGGCTGTTATGCGA	S522	N710	H	8	1	3	H08	Feces	Sagori Mukhopadhyay	Preterm MB	SRC - [738220]	1	NA	inf127	NA	Human	formed	46	1095	7	1	1	0	0	0	0	0	26	745	1	5/14/2018	9:00	0	0	0	0	0	0	0	0	0	0	0	0	0	0	0	0	1	0	0	P3.64	A	11/17/20	10.16	Index Set C	8.15	11.41	2	TRUE	5,6,7,8	CD62UANXX	D00728	B	2020-12-22	24770	24771	NA	NA
inf202Cat1T6n1	CGTACTAGTTATGCGA	S522	N702	H	2	NA	3	H02	Feces	Sagori Mukhopadhyay	Preterm MB	SRC - [937291]	1	NA	inf202	inf201	Human	transitional	37	875	6	1	1	0	0	0	0	0	29	1235	1	11/18/2019	4:00	0	0	0	0	0	0	0	0	0	0	0	0	0	0	0	0	1	0	0	P3.16	B	11/17/20	4.58	Index Set C	7.73	11.41	2	TRUE	5,6,7,8	CD62UANXX	D00728	B	2020-12-22	24770	24771	NA	NA
inf133Cat3T8n1	AAGAGGCATTATGCGA	S522	N711	H	9	1	3	H09	Feces	Sagori Mukhopadhyay	Preterm MB	SRC - [738117]	1	NA	inf133	NA	Human	formed	53	1275	8	3	0	1	0	1	0	0	27	1405	0	7/23/2018	15:00	0	0	0	0	0	0	0	0	0	0	0	0	0	0	0	0	1	0	0	P3.72	A	11/17/20	14.14	Index Set C	4.02	11.41	2	TRUE	5,6,7,8	CD62UANXX	D00728	B	2020-12-22	24770	24771	NA	NA
inf156Cat2T8n1	ATCTCAGGTTATGCGA	S522	N715	H	12	1	3	H12	Feces	Sagori Mukhopadhyay	Preterm MB	SRC - [807413]	1	NA	inf156	NA	Human	formed	54	1293	8	2	1	0	0	1	1	1	28	635	1	1/21/2019	21:00	0	0	0	0	0	0	0	0	0	0	0	0	0	0	0	0	1	0	0	P3.96	C	11/17/20	2.69	Index Set C	8.62	11.41	2	TRUE	5,6,7,8	CD62UANXX	D00728	B	2020-12-22	24770	24771	NA	NA
inf203Cat3T7n1	AGGCAGAATTATGCGA	S522	N703	H	3	NA	3	H03	Feces	Sagori Mukhopadhyay	Preterm MB	SRC - [937319]	1	NA	inf203	NA	Human	formed	47	1130	7	3	0	1	0	1	0	0	25	825	0	12/10/2019	9:00	0	0	0	0	0	0	0	0	0	0	0	0	0	0	0	0	0	0	0	P3.24	B	11/17/20	7.45	Index Set C	8.57	11.41	2	TRUE	5,6,7,8	CD62UANXX	D00728	B	2020-12-22	24770	24771	NA	NA
Extractemptywell6	GTAGAGGATTATGCGA	S522	N712	H	10	NA	3	H10	Empty well	NA	NA	NA	NA	NA	NA	NA	NA	NA	NA	NA	NA	NA	NA	NA	NA	NA	NA	NA	NA	NA	NA	NA	NA	NA	NA	NA	NA	NA	NA	NA	NA	NA	NA	NA	NA	NA	NA	NA	NA	NA	NA	NA	P3.80	B	11/17/20	0.01	Index Set C	0.02	11.41	2	TRUE	5,6,7,8	CD62UANXX	D00728	B	2020-12-22	24770	24771	NA	NA
inf204Cat1T6n1	TCCTGAGCTTATGCGA	S522	N704	H	4	NA	3	H04	Feces	Sagori Mukhopadhyay	Preterm MB	SRC - [937346]	1	NA	inf204	NA	Human	formed	42	1024	6	1	1	1	0	0	0	0	28	825	1	1/21/2020	21:00	0	0	0	0	0	0	0	0	0	0	0	0	0	0	0	0	1	0	0	P3.32	C	11/17/20	3.71	Index Set C	7.95	11.41	2	TRUE	5,6,7,8	CD62UANXX	D00728	B	2020-12-22	24770	24771	NA	NA
